_id,YearEnd,Country,HBT,DepartmentType,Age,AgeQF,Sex,SexQF,Deprivation,DeprivationQF,OneAttendance,TwoAttendances,ThreeAttendances,FourAttendances,FivePlusAttendances
1,202604,S92000003,S08000015,Type 1,18-24,"",Female,"",1,"",810,201,64,23,30
2,202604,S92000003,S08000015,Type 1,18-24,"",Female,"",2,"",514,111,33,13,19
3,202604,S92000003,S08000015,Type 1,18-24,"",Female,"",3,"",308,76,17,5,7
4,202604,S92000003,S08000015,Type 1,18-24,"",Female,"",4,"",188,42,11,6,3
5,202604,S92000003,S08000015,Type 1,18-24,"",Female,"",5,"",175,31,5,4,1
6,202604,S92000003,S08000015,Type 1,18-24,"",Female,"",,:,58,9,3,1,3
7,202604,S92000003,S08000015,Type 1,25-39,"",Female,"",1,"",1758,398,145,54,70
8,202604,S92000003,S08000015,Type 1,25-39,"",Female,"",2,"",1054,237,59,32,39
9,202604,S92000003,S08000015,Type 1,25-39,"",Female,"",3,"",615,123,33,7,7
10,202604,S92000003,S08000015,Type 1,25-39,"",Female,"",4,"",402,71,18,6,6
11,202604,S92000003,S08000015,Type 1,25-39,"",Female,"",5,"",327,52,11,3,3
12,202604,S92000003,S08000015,Type 1,25-39,"",Female,"",,:,209,36,11,3,8
13,202604,S92000003,S08000015,Type 1,40-64,"",Female,"",1,"",2581,606,183,48,63
14,202604,S92000003,S08000015,Type 1,40-64,"",Female,"",2,"",1908,380,111,24,39
15,202604,S92000003,S08000015,Type 1,40-64,"",Female,"",3,"",1271,227,73,19,14
16,202604,S92000003,S08000015,Type 1,40-64,"",Female,"",4,"",937,165,38,10,9
17,202604,S92000003,S08000015,Type 1,40-64,"",Female,"",5,"",749,118,37,7,4
18,202604,S92000003,S08000015,Type 1,40-64,"",Female,"",,:,209,46,12,4,1
19,202604,S92000003,S08000015,Type 1,65-74,"",Female,"",1,"",898,171,58,21,18
20,202604,S92000003,S08000015,Type 1,65-74,"",Female,"",2,"",733,158,43,14,14
21,202604,S92000003,S08000015,Type 1,65-74,"",Female,"",3,"",546,110,27,13,7
22,202604,S92000003,S08000015,Type 1,65-74,"",Female,"",4,"",416,80,28,4,8
23,202604,S92000003,S08000015,Type 1,65-74,"",Female,"",5,"",435,61,25,10,3
24,202604,S92000003,S08000015,Type 1,65-74,"",Female,"",,:,68,12,1,1,1
25,202604,S92000003,S08000015,Type 1,75 plus,"",Female,"",1,"",1115,299,94,42,20
26,202604,S92000003,S08000015,Type 1,75 plus,"",Female,"",2,"",1033,280,74,24,21
27,202604,S92000003,S08000015,Type 1,75 plus,"",Female,"",3,"",743,175,60,27,11
28,202604,S92000003,S08000015,Type 1,75 plus,"",Female,"",4,"",649,139,36,24,3
29,202604,S92000003,S08000015,Type 1,75 plus,"",Female,"",5,"",712,151,48,20,10
30,202604,S92000003,S08000015,Type 1,75 plus,"",Female,"",,:,62,7,2,0,1
31,202604,S92000003,S08000015,Type 1,Under 18,"",Female,"",1,"",1875,437,151,55,44
32,202604,S92000003,S08000015,Type 1,Under 18,"",Female,"",2,"",1186,291,92,35,20
33,202604,S92000003,S08000015,Type 1,Under 18,"",Female,"",3,"",785,155,45,20,9
34,202604,S92000003,S08000015,Type 1,Under 18,"",Female,"",4,"",581,127,29,7,6
35,202604,S92000003,S08000015,Type 1,Under 18,"",Female,"",5,"",477,104,27,8,4
36,202604,S92000003,S08000015,Type 1,Under 18,"",Female,"",,:,264,58,17,9,5
37,202604,S92000003,S08000015,Type 1,18-24,"",Male,"",1,"",755,145,42,14,22
38,202604,S92000003,S08000015,Type 1,18-24,"",Male,"",2,"",482,118,22,8,8
39,202604,S92000003,S08000015,Type 1,18-24,"",Male,"",3,"",325,72,19,7,3
40,202604,S92000003,S08000015,Type 1,18-24,"",Male,"",4,"",246,54,9,8,3
41,202604,S92000003,S08000015,Type 1,18-24,"",Male,"",5,"",218,41,6,1,0
42,202604,S92000003,S08000015,Type 1,18-24,"",Male,"",,:,55,11,3,3,3
43,202604,S92000003,S08000015,Type 1,25-39,"",Male,"",1,"",1798,444,140,51,43
44,202604,S92000003,S08000015,Type 1,25-39,"",Male,"",2,"",1119,241,64,15,24
45,202604,S92000003,S08000015,Type 1,25-39,"",Male,"",3,"",646,133,34,17,9
46,202604,S92000003,S08000015,Type 1,25-39,"",Male,"",4,"",424,70,22,5,7
47,202604,S92000003,S08000015,Type 1,25-39,"",Male,"",5,"",334,56,9,5,3
48,202604,S92000003,S08000015,Type 1,25-39,"",Male,"",,:,187,32,9,4,0
49,202604,S92000003,S08000015,Type 1,40-64,"",Male,"",1,"",2463,570,168,70,89
50,202604,S92000003,S08000015,Type 1,40-64,"",Male,"",2,"",1923,386,117,42,41
51,202604,S92000003,S08000015,Type 1,40-64,"",Male,"",3,"",1211,213,56,17,15
52,202604,S92000003,S08000015,Type 1,40-64,"",Male,"",4,"",903,155,38,12,14
53,202604,S92000003,S08000015,Type 1,40-64,"",Male,"",5,"",756,117,28,9,2
54,202604,S92000003,S08000015,Type 1,40-64,"",Male,"",,:,203,31,13,5,2
55,202604,S92000003,S08000015,Type 1,65-74,"",Male,"",1,"",829,199,61,23,18
56,202604,S92000003,S08000015,Type 1,65-74,"",Male,"",2,"",692,166,48,13,15
57,202604,S92000003,S08000015,Type 1,65-74,"",Male,"",3,"",518,118,24,9,8
58,202604,S92000003,S08000015,Type 1,65-74,"",Male,"",4,"",412,76,23,2,4
59,202604,S92000003,S08000015,Type 1,65-74,"",Male,"",5,"",328,69,23,2,6
60,202604,S92000003,S08000015,Type 1,65-74,"",Male,"",,:,67,12,4,0,0
61,202604,S92000003,S08000015,Type 1,75 plus,"",Male,"",1,"",797,227,66,29,22
62,202604,S92000003,S08000015,Type 1,75 plus,"",Male,"",2,"",783,215,66,30,13
63,202604,S92000003,S08000015,Type 1,75 plus,"",Male,"",3,"",574,159,47,17,10
64,202604,S92000003,S08000015,Type 1,75 plus,"",Male,"",4,"",505,124,38,15,13
65,202604,S92000003,S08000015,Type 1,75 plus,"",Male,"",5,"",558,133,49,11,9
66,202604,S92000003,S08000015,Type 1,75 plus,"",Male,"",,:,36,9,5,0,1
67,202604,S92000003,S08000015,Type 1,Under 18,"",Male,"",1,"",2230,537,167,61,32
68,202604,S92000003,S08000015,Type 1,Under 18,"",Male,"",2,"",1466,333,108,26,19
69,202604,S92000003,S08000015,Type 1,Under 18,"",Male,"",3,"",913,230,62,20,14
70,202604,S92000003,S08000015,Type 1,Under 18,"",Male,"",4,"",702,144,38,11,9
71,202604,S92000003,S08000015,Type 1,Under 18,"",Male,"",5,"",688,145,40,14,2
72,202604,S92000003,S08000015,Type 1,Under 18,"",Male,"",,:,314,75,17,13,3
73,202604,S92000003,S08000015,Type 1,"",:,"",:,,:,0,0,0,0,0
74,202604,S92000003,S08000016,Type 1,18-24,"",Female,"",1,"",58,18,3,1,5
75,202604,S92000003,S08000016,Type 1,18-24,"",Female,"",2,"",116,28,7,3,5
76,202604,S92000003,S08000016,Type 1,18-24,"",Female,"",3,"",198,40,13,5,5
77,202604,S92000003,S08000016,Type 1,18-24,"",Female,"",4,"",158,35,11,6,3
78,202604,S92000003,S08000016,Type 1,18-24,"",Female,"",5,"",65,13,4,1,0
79,202604,S92000003,S08000016,Type 1,18-24,"",Female,"",,:,37,2,1,0,1
80,202604,S92000003,S08000016,Type 1,25-39,"",Female,"",1,"",109,30,9,6,7
81,202604,S92000003,S08000016,Type 1,25-39,"",Female,"",2,"",220,53,11,8,8
82,202604,S92000003,S08000016,Type 1,25-39,"",Female,"",3,"",392,91,19,11,14
83,202604,S92000003,S08000016,Type 1,25-39,"",Female,"",4,"",322,73,25,7,8
84,202604,S92000003,S08000016,Type 1,25-39,"",Female,"",5,"",96,15,1,0,3
85,202604,S92000003,S08000016,Type 1,25-39,"",Female,"",,:,55,16,5,2,0
86,202604,S92000003,S08000016,Type 1,40-64,"",Female,"",1,"",170,38,16,5,7
87,202604,S92000003,S08000016,Type 1,40-64,"",Female,"",2,"",366,99,20,6,12
88,202604,S92000003,S08000016,Type 1,40-64,"",Female,"",3,"",832,179,47,22,32
89,202604,S92000003,S08000016,Type 1,40-64,"",Female,"",4,"",763,132,40,16,22
90,202604,S92000003,S08000016,Type 1,40-64,"",Female,"",5,"",240,43,7,1,3
91,202604,S92000003,S08000016,Type 1,40-64,"",Female,"",,:,63,11,5,2,2
92,202604,S92000003,S08000016,Type 1,65-74,"",Female,"",1,"",53,21,4,5,4
93,202604,S92000003,S08000016,Type 1,65-74,"",Female,"",2,"",173,40,12,4,4
94,202604,S92000003,S08000016,Type 1,65-74,"",Female,"",3,"",384,89,25,20,12
95,202604,S92000003,S08000016,Type 1,65-74,"",Female,"",4,"",408,93,25,10,6
96,202604,S92000003,S08000016,Type 1,65-74,"",Female,"",5,"",91,10,2,2,1
97,202604,S92000003,S08000016,Type 1,65-74,"",Female,"",,:,41,6,0,1,1
98,202604,S92000003,S08000016,Type 1,75 plus,"",Female,"",1,"",57,15,2,6,4
99,202604,S92000003,S08000016,Type 1,75 plus,"",Female,"",2,"",279,100,39,15,10
100,202604,S92000003,S08000016,Type 1,75 plus,"",Female,"",3,"",542,164,79,26,22
101,202604,S92000003,S08000016,Type 1,75 plus,"",Female,"",4,"",648,206,74,28,23
102,202604,S92000003,S08000016,Type 1,75 plus,"",Female,"",5,"",130,48,17,4,8
103,202604,S92000003,S08000016,Type 1,75 plus,"",Female,"",,:,57,22,4,2,4
104,202604,S92000003,S08000016,Type 1,Under 18,"",Female,"",1,"",137,23,7,4,5
105,202604,S92000003,S08000016,Type 1,Under 18,"",Female,"",2,"",196,34,8,2,4
106,202604,S92000003,S08000016,Type 1,Under 18,"",Female,"",3,"",464,113,21,8,8
107,202604,S92000003,S08000016,Type 1,Under 18,"",Female,"",4,"",382,90,16,5,4
108,202604,S92000003,S08000016,Type 1,Under 18,"",Female,"",5,"",121,20,8,4,1
109,202604,S92000003,S08000016,Type 1,Under 18,"",Female,"",,:,64,10,1,0,0
110,202604,S92000003,S08000016,Type 1,18-24,"",Male,"",1,"",50,14,3,2,2
111,202604,S92000003,S08000016,Type 1,18-24,"",Male,"",2,"",101,26,10,1,2
112,202604,S92000003,S08000016,Type 1,18-24,"",Male,"",3,"",242,41,12,3,5
113,202604,S92000003,S08000016,Type 1,18-24,"",Male,"",4,"",181,38,11,3,2
114,202604,S92000003,S08000016,Type 1,18-24,"",Male,"",5,"",63,11,2,0,1
115,202604,S92000003,S08000016,Type 1,18-24,"",Male,"",,:,23,4,3,0,1
116,202604,S92000003,S08000016,Type 1,25-39,"",Male,"",1,"",127,39,6,4,7
117,202604,S92000003,S08000016,Type 1,25-39,"",Male,"",2,"",274,61,15,9,6
118,202604,S92000003,S08000016,Type 1,25-39,"",Male,"",3,"",399,98,23,7,9
119,202604,S92000003,S08000016,Type 1,25-39,"",Male,"",4,"",349,68,12,5,8
120,202604,S92000003,S08000016,Type 1,25-39,"",Male,"",5,"",99,16,1,1,2
121,202604,S92000003,S08000016,Type 1,25-39,"",Male,"",,:,48,12,4,1,2
122,202604,S92000003,S08000016,Type 1,40-64,"",Male,"",1,"",165,34,15,4,12
123,202604,S92000003,S08000016,Type 1,40-64,"",Male,"",2,"",414,72,31,13,10
124,202604,S92000003,S08000016,Type 1,40-64,"",Male,"",3,"",848,166,46,12,28
125,202604,S92000003,S08000016,Type 1,40-64,"",Male,"",4,"",727,159,38,27,21
126,202604,S92000003,S08000016,Type 1,40-64,"",Male,"",5,"",219,36,4,1,3
127,202604,S92000003,S08000016,Type 1,40-64,"",Male,"",,:,84,15,4,2,3
128,202604,S92000003,S08000016,Type 1,65-74,"",Male,"",1,"",63,12,7,3,8
129,202604,S92000003,S08000016,Type 1,65-74,"",Male,"",2,"",162,48,17,5,7
130,202604,S92000003,S08000016,Type 1,65-74,"",Male,"",3,"",396,114,36,15,19
131,202604,S92000003,S08000016,Type 1,65-74,"",Male,"",4,"",352,80,32,7,9
132,202604,S92000003,S08000016,Type 1,65-74,"",Male,"",5,"",99,18,7,2,1
133,202604,S92000003,S08000016,Type 1,65-74,"",Male,"",,:,28,9,2,3,2
134,202604,S92000003,S08000016,Type 1,75 plus,"",Male,"",1,"",40,15,7,4,1
135,202604,S92000003,S08000016,Type 1,75 plus,"",Male,"",2,"",176,72,32,9,15
136,202604,S92000003,S08000016,Type 1,75 plus,"",Male,"",3,"",491,135,69,25,26
137,202604,S92000003,S08000016,Type 1,75 plus,"",Male,"",4,"",462,187,80,32,30
138,202604,S92000003,S08000016,Type 1,75 plus,"",Male,"",5,"",127,25,14,7,5
139,202604,S92000003,S08000016,Type 1,75 plus,"",Male,"",,:,45,13,7,1,0
140,202604,S92000003,S08000016,Type 1,Under 18,"",Male,"",1,"",144,36,5,6,5
141,202604,S92000003,S08000016,Type 1,Under 18,"",Male,"",2,"",227,35,21,4,1
142,202604,S92000003,S08000016,Type 1,Under 18,"",Male,"",3,"",598,127,26,15,2
143,202604,S92000003,S08000016,Type 1,Under 18,"",Male,"",4,"",555,111,34,10,8
144,202604,S92000003,S08000016,Type 1,Under 18,"",Male,"",5,"",172,39,9,2,4
145,202604,S92000003,S08000016,Type 1,Under 18,"",Male,"",,:,73,12,12,2,1
146,202604,S92000003,S08000016,Type 1,"",:,"",:,,:,0,0,0,0,0
147,202604,S92000003,S08000017,Type 1,18-24,"",Female,"",1,"",146,44,22,6,16
148,202604,S92000003,S08000017,Type 1,18-24,"",Female,"",2,"",251,91,29,12,18
149,202604,S92000003,S08000017,Type 1,18-24,"",Female,"",3,"",266,86,24,14,15
150,202604,S92000003,S08000017,Type 1,18-24,"",Female,"",4,"",123,27,12,3,6
151,202604,S92000003,S08000017,Type 1,18-24,"",Female,"",5,"",82,16,3,4,2
152,202604,S92000003,S08000017,Type 1,18-24,"",Female,"",,:,25,9,4,1,2
153,202604,S92000003,S08000017,Type 1,25-39,"",Female,"",1,"",255,76,26,18,22
154,202604,S92000003,S08000017,Type 1,25-39,"",Female,"",2,"",546,169,67,27,36
155,202604,S92000003,S08000017,Type 1,25-39,"",Female,"",3,"",542,122,37,19,14
156,202604,S92000003,S08000017,Type 1,25-39,"",Female,"",4,"",238,56,11,7,13
157,202604,S92000003,S08000017,Type 1,25-39,"",Female,"",5,"",177,31,3,1,3
158,202604,S92000003,S08000017,Type 1,25-39,"",Female,"",,:,76,25,5,6,1
159,202604,S92000003,S08000017,Type 1,40-64,"",Female,"",1,"",367,95,36,23,20
160,202604,S92000003,S08000017,Type 1,40-64,"",Female,"",2,"",1046,263,92,42,49
161,202604,S92000003,S08000017,Type 1,40-64,"",Female,"",3,"",1171,261,73,28,32
162,202604,S92000003,S08000017,Type 1,40-64,"",Female,"",4,"",545,103,26,13,8
163,202604,S92000003,S08000017,Type 1,40-64,"",Female,"",5,"",351,60,12,5,3
164,202604,S92000003,S08000017,Type 1,40-64,"",Female,"",,:,107,19,9,1,4
165,202604,S92000003,S08000017,Type 1,65-74,"",Female,"",1,"",126,29,17,5,5
166,202604,S92000003,S08000017,Type 1,65-74,"",Female,"",2,"",424,105,41,19,21
167,202604,S92000003,S08000017,Type 1,65-74,"",Female,"",3,"",501,111,36,20,15
168,202604,S92000003,S08000017,Type 1,65-74,"",Female,"",4,"",256,51,15,8,4
169,202604,S92000003,S08000017,Type 1,65-74,"",Female,"",5,"",152,35,9,2,4
170,202604,S92000003,S08000017,Type 1,65-74,"",Female,"",,:,44,4,1,2,1
171,202604,S92000003,S08000017,Type 1,75 plus,"",Female,"",1,"",134,30,21,8,10
172,202604,S92000003,S08000017,Type 1,75 plus,"",Female,"",2,"",569,243,72,39,45
173,202604,S92000003,S08000017,Type 1,75 plus,"",Female,"",3,"",854,257,78,21,25
174,202604,S92000003,S08000017,Type 1,75 plus,"",Female,"",4,"",342,113,36,9,12
175,202604,S92000003,S08000017,Type 1,75 plus,"",Female,"",5,"",223,58,21,1,9
176,202604,S92000003,S08000017,Type 1,75 plus,"",Female,"",,:,36,6,0,0,0
177,202604,S92000003,S08000017,Type 1,Under 18,"",Female,"",1,"",290,85,25,13,12
178,202604,S92000003,S08000017,Type 1,Under 18,"",Female,"",2,"",679,175,62,24,26
179,202604,S92000003,S08000017,Type 1,Under 18,"",Female,"",3,"",673,137,42,20,16
180,202604,S92000003,S08000017,Type 1,Under 18,"",Female,"",4,"",281,76,28,7,5
181,202604,S92000003,S08000017,Type 1,Under 18,"",Female,"",5,"",220,40,16,8,2
182,202604,S92000003,S08000017,Type 1,Under 18,"",Female,"",,:,88,21,7,0,1
183,202604,S92000003,S08000017,Type 1,18-24,"",Male,"",1,"",119,35,9,9,10
184,202604,S92000003,S08000017,Type 1,18-24,"",Male,"",2,"",280,64,28,14,9
185,202604,S92000003,S08000017,Type 1,18-24,"",Male,"",3,"",324,84,30,5,6
186,202604,S92000003,S08000017,Type 1,18-24,"",Male,"",4,"",134,27,6,1,1
187,202604,S92000003,S08000017,Type 1,18-24,"",Male,"",5,"",76,11,7,3,0
188,202604,S92000003,S08000017,Type 1,18-24,"",Male,"",,:,30,6,0,1,1
189,202604,S92000003,S08000017,Type 1,25-39,"",Male,"",1,"",310,91,24,12,29
190,202604,S92000003,S08000017,Type 1,25-39,"",Male,"",2,"",614,163,58,27,17
191,202604,S92000003,S08000017,Type 1,25-39,"",Male,"",3,"",685,113,38,19,10
192,202604,S92000003,S08000017,Type 1,25-39,"",Male,"",4,"",273,58,9,7,6
193,202604,S92000003,S08000017,Type 1,25-39,"",Male,"",5,"",187,38,1,4,4
194,202604,S92000003,S08000017,Type 1,25-39,"",Male,"",,:,67,13,0,1,0
195,202604,S92000003,S08000017,Type 1,40-64,"",Male,"",1,"",386,123,40,20,24
196,202604,S92000003,S08000017,Type 1,40-64,"",Male,"",2,"",944,260,74,44,54
197,202604,S92000003,S08000017,Type 1,40-64,"",Male,"",3,"",1261,258,83,23,35
198,202604,S92000003,S08000017,Type 1,40-64,"",Male,"",4,"",552,95,31,7,7
199,202604,S92000003,S08000017,Type 1,40-64,"",Male,"",5,"",292,74,16,4,5
200,202604,S92000003,S08000017,Type 1,40-64,"",Male,"",,:,90,19,3,1,4
201,202604,S92000003,S08000017,Type 1,65-74,"",Male,"",1,"",98,43,16,10,9
202,202604,S92000003,S08000017,Type 1,65-74,"",Male,"",2,"",427,139,41,26,34
203,202604,S92000003,S08000017,Type 1,65-74,"",Male,"",3,"",551,152,36,9,22
204,202604,S92000003,S08000017,Type 1,65-74,"",Male,"",4,"",220,62,16,7,4
205,202604,S92000003,S08000017,Type 1,65-74,"",Male,"",5,"",151,31,12,5,1
206,202604,S92000003,S08000017,Type 1,65-74,"",Male,"",,:,45,7,2,2,0
207,202604,S92000003,S08000017,Type 1,75 plus,"",Male,"",1,"",106,30,11,8,5
208,202604,S92000003,S08000017,Type 1,75 plus,"",Male,"",2,"",491,161,71,41,49
209,202604,S92000003,S08000017,Type 1,75 plus,"",Male,"",3,"",685,245,61,38,34
210,202604,S92000003,S08000017,Type 1,75 plus,"",Male,"",4,"",336,85,33,18,15
211,202604,S92000003,S08000017,Type 1,75 plus,"",Male,"",5,"",188,39,16,10,6
212,202604,S92000003,S08000017,Type 1,75 plus,"",Male,"",,:,50,7,4,0,0
213,202604,S92000003,S08000017,Type 1,Under 18,"",Male,"",1,"",313,97,28,13,19
214,202604,S92000003,S08000017,Type 1,Under 18,"",Male,"",2,"",723,210,75,21,20
215,202604,S92000003,S08000017,Type 1,Under 18,"",Male,"",3,"",815,187,58,18,16
216,202604,S92000003,S08000017,Type 1,Under 18,"",Male,"",4,"",351,87,24,6,5
217,202604,S92000003,S08000017,Type 1,Under 18,"",Male,"",5,"",273,60,7,3,2
218,202604,S92000003,S08000017,Type 1,Under 18,"",Male,"",,:,107,19,2,0,2
219,202604,S92000003,S08000017,Type 1,"",:,"",:,,:,0,0,0,0,0
220,202604,S92000003,S08000019,Type 1,18-24,"",Female,"",1,"",326,77,24,8,14
221,202604,S92000003,S08000019,Type 1,18-24,"",Female,"",2,"",407,94,24,9,13
222,202604,S92000003,S08000019,Type 1,18-24,"",Female,"",3,"",262,46,12,2,5
223,202604,S92000003,S08000019,Type 1,18-24,"",Female,"",4,"",253,36,11,5,4
224,202604,S92000003,S08000019,Type 1,18-24,"",Female,"",5,"",285,41,13,1,4
225,202604,S92000003,S08000019,Type 1,18-24,"",Female,"",,:,61,4,2,2,4
226,202604,S92000003,S08000019,Type 1,25-39,"",Female,"",1,"",708,179,61,13,25
227,202604,S92000003,S08000019,Type 1,25-39,"",Female,"",2,"",980,205,46,17,28
228,202604,S92000003,S08000019,Type 1,25-39,"",Female,"",3,"",551,109,24,10,9
229,202604,S92000003,S08000019,Type 1,25-39,"",Female,"",4,"",452,82,16,7,15
230,202604,S92000003,S08000019,Type 1,25-39,"",Female,"",5,"",377,57,10,5,4
231,202604,S92000003,S08000019,Type 1,25-39,"",Female,"",,:,142,19,2,3,3
232,202604,S92000003,S08000019,Type 1,40-64,"",Female,"",1,"",968,226,59,29,35
233,202604,S92000003,S08000019,Type 1,40-64,"",Female,"",2,"",1430,276,64,25,32
234,202604,S92000003,S08000019,Type 1,40-64,"",Female,"",3,"",906,157,26,21,24
235,202604,S92000003,S08000019,Type 1,40-64,"",Female,"",4,"",888,130,35,13,13
236,202604,S92000003,S08000019,Type 1,40-64,"",Female,"",5,"",823,109,28,11,7
237,202604,S92000003,S08000019,Type 1,40-64,"",Female,"",,:,118,15,1,2,0
238,202604,S92000003,S08000019,Type 1,65-74,"",Female,"",1,"",334,73,25,11,7
239,202604,S92000003,S08000019,Type 1,65-74,"",Female,"",2,"",513,101,28,13,15
240,202604,S92000003,S08000019,Type 1,65-74,"",Female,"",3,"",392,90,13,3,7
241,202604,S92000003,S08000019,Type 1,65-74,"",Female,"",4,"",412,56,12,2,5
242,202604,S92000003,S08000019,Type 1,65-74,"",Female,"",5,"",388,65,14,3,5
243,202604,S92000003,S08000019,Type 1,65-74,"",Female,"",,:,51,2,0,0,1
244,202604,S92000003,S08000019,Type 1,75 plus,"",Female,"",1,"",420,124,31,18,16
245,202604,S92000003,S08000019,Type 1,75 plus,"",Female,"",2,"",811,229,59,20,18
246,202604,S92000003,S08000019,Type 1,75 plus,"",Female,"",3,"",562,139,46,13,6
247,202604,S92000003,S08000019,Type 1,75 plus,"",Female,"",4,"",741,193,49,11,17
248,202604,S92000003,S08000019,Type 1,75 plus,"",Female,"",5,"",633,128,37,6,13
249,202604,S92000003,S08000019,Type 1,75 plus,"",Female,"",,:,58,4,1,0,0
250,202604,S92000003,S08000019,Type 1,Under 18,"",Female,"",1,"",631,129,37,9,7
251,202604,S92000003,S08000019,Type 1,Under 18,"",Female,"",2,"",859,196,31,6,12
252,202604,S92000003,S08000019,Type 1,Under 18,"",Female,"",3,"",549,94,21,7,5
253,202604,S92000003,S08000019,Type 1,Under 18,"",Female,"",4,"",524,75,22,7,2
254,202604,S92000003,S08000019,Type 1,Under 18,"",Female,"",5,"",497,98,14,5,2
255,202604,S92000003,S08000019,Type 1,Under 18,"",Female,"",,:,135,16,5,0,2
256,202604,S92000003,S08000019,Type 1,18-24,"",Male,"",1,"",283,60,17,4,4
257,202604,S92000003,S08000019,Type 1,18-24,"",Male,"",2,"",380,76,18,11,9
258,202604,S92000003,S08000019,Type 1,18-24,"",Male,"",3,"",274,41,11,3,2
259,202604,S92000003,S08000019,Type 1,18-24,"",Male,"",4,"",257,32,11,6,2
260,202604,S92000003,S08000019,Type 1,18-24,"",Male,"",5,"",275,44,9,2,0
261,202604,S92000003,S08000019,Type 1,18-24,"",Male,"",,:,57,7,1,1,1
262,202604,S92000003,S08000019,Type 1,25-39,"",Male,"",1,"",797,176,54,18,17
263,202604,S92000003,S08000019,Type 1,25-39,"",Male,"",2,"",900,200,52,21,22
264,202604,S92000003,S08000019,Type 1,25-39,"",Male,"",3,"",526,87,24,5,12
265,202604,S92000003,S08000019,Type 1,25-39,"",Male,"",4,"",486,75,15,6,5
266,202604,S92000003,S08000019,Type 1,25-39,"",Male,"",5,"",360,64,10,2,3
267,202604,S92000003,S08000019,Type 1,25-39,"",Male,"",,:,137,22,3,1,0
268,202604,S92000003,S08000019,Type 1,40-64,"",Male,"",1,"",1027,232,57,46,41
269,202604,S92000003,S08000019,Type 1,40-64,"",Male,"",2,"",1390,257,85,29,41
270,202604,S92000003,S08000019,Type 1,40-64,"",Male,"",3,"",870,166,37,4,18
271,202604,S92000003,S08000019,Type 1,40-64,"",Male,"",4,"",849,155,40,16,13
272,202604,S92000003,S08000019,Type 1,40-64,"",Male,"",5,"",756,120,30,5,6
273,202604,S92000003,S08000019,Type 1,40-64,"",Male,"",,:,160,10,4,1,1
274,202604,S92000003,S08000019,Type 1,65-74,"",Male,"",1,"",360,74,29,13,11
275,202604,S92000003,S08000019,Type 1,65-74,"",Male,"",2,"",439,117,38,16,7
276,202604,S92000003,S08000019,Type 1,65-74,"",Male,"",3,"",359,63,22,4,8
277,202604,S92000003,S08000019,Type 1,65-74,"",Male,"",4,"",380,73,23,5,8
278,202604,S92000003,S08000019,Type 1,65-74,"",Male,"",5,"",336,64,16,1,3
279,202604,S92000003,S08000019,Type 1,65-74,"",Male,"",,:,51,4,0,1,0
280,202604,S92000003,S08000019,Type 1,75 plus,"",Male,"",1,"",287,83,26,8,15
281,202604,S92000003,S08000019,Type 1,75 plus,"",Male,"",2,"",556,153,44,17,20
282,202604,S92000003,S08000019,Type 1,75 plus,"",Male,"",3,"",436,111,36,17,7
283,202604,S92000003,S08000019,Type 1,75 plus,"",Male,"",4,"",547,122,42,18,8
284,202604,S92000003,S08000019,Type 1,75 plus,"",Male,"",5,"",464,106,37,7,10
285,202604,S92000003,S08000019,Type 1,75 plus,"",Male,"",,:,35,4,1,0,0
286,202604,S92000003,S08000019,Type 1,Under 18,"",Male,"",1,"",730,157,36,8,5
287,202604,S92000003,S08000019,Type 1,Under 18,"",Male,"",2,"",1047,240,43,13,14
288,202604,S92000003,S08000019,Type 1,Under 18,"",Male,"",3,"",673,122,27,7,4
289,202604,S92000003,S08000019,Type 1,Under 18,"",Male,"",4,"",731,101,23,9,0
290,202604,S92000003,S08000019,Type 1,Under 18,"",Male,"",5,"",683,117,27,8,4
291,202604,S92000003,S08000019,Type 1,Under 18,"",Male,"",,:,185,21,5,2,0
292,202604,S92000003,S08000019,Type 1,"",:,"",:,,:,0,0,0,0,0
293,202604,S92000003,S08000019,Type 3,18-24,"",Female,"",1,"",168,14,0,1,0
294,202604,S92000003,S08000019,Type 3,18-24,"",Female,"",2,"",200,21,4,0,0
295,202604,S92000003,S08000019,Type 3,18-24,"",Female,"",3,"",129,7,1,2,0
296,202604,S92000003,S08000019,Type 3,18-24,"",Female,"",4,"",159,17,1,0,0
297,202604,S92000003,S08000019,Type 3,18-24,"",Female,"",5,"",191,13,0,0,0
298,202604,S92000003,S08000019,Type 3,18-24,"",Female,"",,:,27,1,0,0,0
299,202604,S92000003,S08000019,Type 3,25-39,"",Female,"",1,"",331,27,5,1,2
300,202604,S92000003,S08000019,Type 3,25-39,"",Female,"",2,"",386,37,3,0,0
301,202604,S92000003,S08000019,Type 3,25-39,"",Female,"",3,"",255,16,4,0,0
302,202604,S92000003,S08000019,Type 3,25-39,"",Female,"",4,"",239,23,2,1,0
303,202604,S92000003,S08000019,Type 3,25-39,"",Female,"",5,"",239,13,0,0,0
304,202604,S92000003,S08000019,Type 3,25-39,"",Female,"",,:,74,6,1,0,0
305,202604,S92000003,S08000019,Type 3,40-64,"",Female,"",1,"",369,21,12,0,0
306,202604,S92000003,S08000019,Type 3,40-64,"",Female,"",2,"",602,33,6,0,1
307,202604,S92000003,S08000019,Type 3,40-64,"",Female,"",3,"",468,28,4,0,1
308,202604,S92000003,S08000019,Type 3,40-64,"",Female,"",4,"",518,27,4,0,0
309,202604,S92000003,S08000019,Type 3,40-64,"",Female,"",5,"",488,30,3,0,0
310,202604,S92000003,S08000019,Type 3,40-64,"",Female,"",,:,58,1,0,0,0
311,202604,S92000003,S08000019,Type 3,65-74,"",Female,"",1,"",97,3,1,0,0
312,202604,S92000003,S08000019,Type 3,65-74,"",Female,"",2,"",124,12,0,0,1
313,202604,S92000003,S08000019,Type 3,65-74,"",Female,"",3,"",117,7,1,1,0
314,202604,S92000003,S08000019,Type 3,65-74,"",Female,"",4,"",154,14,2,0,0
315,202604,S92000003,S08000019,Type 3,65-74,"",Female,"",5,"",141,14,0,0,0
316,202604,S92000003,S08000019,Type 3,65-74,"",Female,"",,:,19,0,0,0,0
317,202604,S92000003,S08000019,Type 3,75 plus,"",Female,"",1,"",53,6,1,0,0
318,202604,S92000003,S08000019,Type 3,75 plus,"",Female,"",2,"",113,13,0,0,0
319,202604,S92000003,S08000019,Type 3,75 plus,"",Female,"",3,"",85,9,1,0,0
320,202604,S92000003,S08000019,Type 3,75 plus,"",Female,"",4,"",160,16,2,0,0
321,202604,S92000003,S08000019,Type 3,75 plus,"",Female,"",5,"",187,20,3,0,0
322,202604,S92000003,S08000019,Type 3,75 plus,"",Female,"",,:,15,0,0,0,0
323,202604,S92000003,S08000019,Type 3,Under 18,"",Female,"",1,"",370,52,6,3,0
324,202604,S92000003,S08000019,Type 3,Under 18,"",Female,"",2,"",478,47,12,2,1
325,202604,S92000003,S08000019,Type 3,Under 18,"",Female,"",3,"",324,41,6,1,1
326,202604,S92000003,S08000019,Type 3,Under 18,"",Female,"",4,"",399,32,11,1,1
327,202604,S92000003,S08000019,Type 3,Under 18,"",Female,"",5,"",376,50,0,2,0
328,202604,S92000003,S08000019,Type 3,Under 18,"",Female,"",,:,72,6,1,0,1
329,202604,S92000003,S08000019,Type 3,18-24,"",Male,"",1,"",167,17,4,0,0
330,202604,S92000003,S08000019,Type 3,18-24,"",Male,"",2,"",217,16,7,0,0
331,202604,S92000003,S08000019,Type 3,18-24,"",Male,"",3,"",169,13,1,1,0
332,202604,S92000003,S08000019,Type 3,18-24,"",Male,"",4,"",194,18,3,0,0
333,202604,S92000003,S08000019,Type 3,18-24,"",Male,"",5,"",233,30,3,1,0
334,202604,S92000003,S08000019,Type 3,18-24,"",Male,"",,:,31,2,0,0,0
335,202604,S92000003,S08000019,Type 3,25-39,"",Male,"",1,"",387,39,7,1,1
336,202604,S92000003,S08000019,Type 3,25-39,"",Male,"",2,"",422,40,9,0,0
337,202604,S92000003,S08000019,Type 3,25-39,"",Male,"",3,"",286,24,3,0,0
338,202604,S92000003,S08000019,Type 3,25-39,"",Male,"",4,"",278,20,6,1,0
339,202604,S92000003,S08000019,Type 3,25-39,"",Male,"",5,"",251,18,3,0,0
340,202604,S92000003,S08000019,Type 3,25-39,"",Male,"",,:,67,4,0,1,0
341,202604,S92000003,S08000019,Type 3,40-64,"",Male,"",1,"",373,36,4,1,0
342,202604,S92000003,S08000019,Type 3,40-64,"",Male,"",2,"",480,37,1,0,0
343,202604,S92000003,S08000019,Type 3,40-64,"",Male,"",3,"",378,22,1,0,0
344,202604,S92000003,S08000019,Type 3,40-64,"",Male,"",4,"",448,20,3,0,1
345,202604,S92000003,S08000019,Type 3,40-64,"",Male,"",5,"",400,20,2,0,0
346,202604,S92000003,S08000019,Type 3,40-64,"",Male,"",,:,72,2,1,0,0
347,202604,S92000003,S08000019,Type 3,65-74,"",Male,"",1,"",65,10,3,1,1
348,202604,S92000003,S08000019,Type 3,65-74,"",Male,"",2,"",111,5,1,0,0
349,202604,S92000003,S08000019,Type 3,65-74,"",Male,"",3,"",97,4,1,0,0
350,202604,S92000003,S08000019,Type 3,65-74,"",Male,"",4,"",126,8,1,0,0
351,202604,S92000003,S08000019,Type 3,65-74,"",Male,"",5,"",128,8,0,0,0
352,202604,S92000003,S08000019,Type 3,65-74,"",Male,"",,:,13,0,0,0,0
353,202604,S92000003,S08000019,Type 3,75 plus,"",Male,"",1,"",36,7,0,0,0
354,202604,S92000003,S08000019,Type 3,75 plus,"",Male,"",2,"",56,6,0,0,0
355,202604,S92000003,S08000019,Type 3,75 plus,"",Male,"",3,"",92,4,0,0,0
356,202604,S92000003,S08000019,Type 3,75 plus,"",Male,"",4,"",112,8,3,0,0
357,202604,S92000003,S08000019,Type 3,75 plus,"",Male,"",5,"",115,13,2,0,0
358,202604,S92000003,S08000019,Type 3,75 plus,"",Male,"",,:,8,0,0,0,0
359,202604,S92000003,S08000019,Type 3,Under 18,"",Male,"",1,"",457,69,10,1,1
360,202604,S92000003,S08000019,Type 3,Under 18,"",Male,"",2,"",560,61,12,1,0
361,202604,S92000003,S08000019,Type 3,Under 18,"",Male,"",3,"",459,47,8,3,1
362,202604,S92000003,S08000019,Type 3,Under 18,"",Male,"",4,"",492,53,7,1,2
363,202604,S92000003,S08000019,Type 3,Under 18,"",Male,"",5,"",525,52,7,0,0
364,202604,S92000003,S08000019,Type 3,Under 18,"",Male,"",,:,96,11,1,0,0
365,202604,S92000003,S08000019,Type 3,"",:,"",:,,:,0,0,0,0,0
366,202604,S92000003,S08000020,Type 1,18-24,"",Female,"",1,"",148,47,10,4,7
367,202604,S92000003,S08000020,Type 1,18-24,"",Female,"",2,"",406,91,25,12,20
368,202604,S92000003,S08000020,Type 1,18-24,"",Female,"",3,"",518,115,32,12,22
369,202604,S92000003,S08000020,Type 1,18-24,"",Female,"",4,"",694,98,26,12,15
370,202604,S92000003,S08000020,Type 1,18-24,"",Female,"",5,"",669,112,24,14,8
371,202604,S92000003,S08000020,Type 1,18-24,"",Female,"",,:,74,25,8,6,3
372,202604,S92000003,S08000020,Type 1,25-39,"",Female,"",1,"",301,48,19,7,11
373,202604,S92000003,S08000020,Type 1,25-39,"",Female,"",2,"",866,198,56,29,28
374,202604,S92000003,S08000020,Type 1,25-39,"",Female,"",3,"",940,168,53,21,18
375,202604,S92000003,S08000020,Type 1,25-39,"",Female,"",4,"",1229,189,54,18,16
376,202604,S92000003,S08000020,Type 1,25-39,"",Female,"",5,"",1135,168,42,16,24
377,202604,S92000003,S08000020,Type 1,25-39,"",Female,"",,:,234,53,11,2,15
378,202604,S92000003,S08000020,Type 1,40-64,"",Female,"",1,"",421,75,21,11,10
379,202604,S92000003,S08000020,Type 1,40-64,"",Female,"",2,"",1252,249,62,20,35
380,202604,S92000003,S08000020,Type 1,40-64,"",Female,"",3,"",1506,256,63,21,25
381,202604,S92000003,S08000020,Type 1,40-64,"",Female,"",4,"",2076,315,100,28,28
382,202604,S92000003,S08000020,Type 1,40-64,"",Female,"",5,"",2084,246,66,13,18
383,202604,S92000003,S08000020,Type 1,40-64,"",Female,"",,:,219,37,9,4,5
384,202604,S92000003,S08000020,Type 1,65-74,"",Female,"",1,"",129,22,9,1,1
385,202604,S92000003,S08000020,Type 1,65-74,"",Female,"",2,"",453,94,19,11,9
386,202604,S92000003,S08000020,Type 1,65-74,"",Female,"",3,"",581,102,41,14,10
387,202604,S92000003,S08000020,Type 1,65-74,"",Female,"",4,"",884,157,35,16,12
388,202604,S92000003,S08000020,Type 1,65-74,"",Female,"",5,"",890,119,29,9,3
389,202604,S92000003,S08000020,Type 1,65-74,"",Female,"",,:,39,9,0,0,1
390,202604,S92000003,S08000020,Type 1,75 plus,"",Female,"",1,"",120,40,9,4,3
391,202604,S92000003,S08000020,Type 1,75 plus,"",Female,"",2,"",691,173,51,26,13
392,202604,S92000003,S08000020,Type 1,75 plus,"",Female,"",3,"",1032,254,68,27,22
393,202604,S92000003,S08000020,Type 1,75 plus,"",Female,"",4,"",1419,332,83,29,28
394,202604,S92000003,S08000020,Type 1,75 plus,"",Female,"",5,"",1532,334,75,38,24
395,202604,S92000003,S08000020,Type 1,75 plus,"",Female,"",,:,53,6,2,4,0
396,202604,S92000003,S08000020,Type 1,Under 18,"",Female,"",1,"",321,74,17,8,6
397,202604,S92000003,S08000020,Type 1,Under 18,"",Female,"",2,"",993,234,61,17,16
398,202604,S92000003,S08000020,Type 1,Under 18,"",Female,"",3,"",1245,248,69,19,17
399,202604,S92000003,S08000020,Type 1,Under 18,"",Female,"",4,"",1802,338,74,25,17
400,202604,S92000003,S08000020,Type 1,Under 18,"",Female,"",5,"",2027,383,88,26,10
401,202604,S92000003,S08000020,Type 1,Under 18,"",Female,"",,:,378,65,15,8,6
402,202604,S92000003,S08000020,Type 1,18-24,"",Male,"",1,"",139,23,9,5,3
403,202604,S92000003,S08000020,Type 1,18-24,"",Male,"",2,"",397,77,19,11,19
404,202604,S92000003,S08000020,Type 1,18-24,"",Male,"",3,"",496,85,24,8,7
405,202604,S92000003,S08000020,Type 1,18-24,"",Male,"",4,"",724,119,29,14,8
406,202604,S92000003,S08000020,Type 1,18-24,"",Male,"",5,"",794,125,20,7,6
407,202604,S92000003,S08000020,Type 1,18-24,"",Male,"",,:,65,14,5,1,0
408,202604,S92000003,S08000020,Type 1,25-39,"",Male,"",1,"",421,74,26,11,10
409,202604,S92000003,S08000020,Type 1,25-39,"",Male,"",2,"",935,184,53,22,19
410,202604,S92000003,S08000020,Type 1,25-39,"",Male,"",3,"",1015,174,39,11,17
411,202604,S92000003,S08000020,Type 1,25-39,"",Male,"",4,"",1228,188,41,13,18
412,202604,S92000003,S08000020,Type 1,25-39,"",Male,"",5,"",1293,159,26,8,12
413,202604,S92000003,S08000020,Type 1,25-39,"",Male,"",,:,159,37,6,7,3
414,202604,S92000003,S08000020,Type 1,40-64,"",Male,"",1,"",548,98,24,13,15
415,202604,S92000003,S08000020,Type 1,40-64,"",Male,"",2,"",1308,280,78,30,46
416,202604,S92000003,S08000020,Type 1,40-64,"",Male,"",3,"",1557,263,61,35,27
417,202604,S92000003,S08000020,Type 1,40-64,"",Male,"",4,"",2145,326,81,30,28
418,202604,S92000003,S08000020,Type 1,40-64,"",Male,"",5,"",2146,258,65,16,13
419,202604,S92000003,S08000020,Type 1,40-64,"",Male,"",,:,192,23,14,2,4
420,202604,S92000003,S08000020,Type 1,65-74,"",Male,"",1,"",144,30,5,2,2
421,202604,S92000003,S08000020,Type 1,65-74,"",Male,"",2,"",380,98,30,9,6
422,202604,S92000003,S08000020,Type 1,65-74,"",Male,"",3,"",593,112,34,13,9
423,202604,S92000003,S08000020,Type 1,65-74,"",Male,"",4,"",869,171,47,9,18
424,202604,S92000003,S08000020,Type 1,65-74,"",Male,"",5,"",874,114,30,7,9
425,202604,S92000003,S08000020,Type 1,65-74,"",Male,"",,:,41,8,2,1,2
426,202604,S92000003,S08000020,Type 1,75 plus,"",Male,"",1,"",101,31,13,2,4
427,202604,S92000003,S08000020,Type 1,75 plus,"",Male,"",2,"",471,118,40,5,16
428,202604,S92000003,S08000020,Type 1,75 plus,"",Male,"",3,"",743,208,70,23,18
429,202604,S92000003,S08000020,Type 1,75 plus,"",Male,"",4,"",1113,262,104,32,26
430,202604,S92000003,S08000020,Type 1,75 plus,"",Male,"",5,"",1182,284,76,22,26
431,202604,S92000003,S08000020,Type 1,75 plus,"",Male,"",,:,31,13,3,0,1
432,202604,S92000003,S08000020,Type 1,Under 18,"",Male,"",1,"",339,76,25,7,2
433,202604,S92000003,S08000020,Type 1,Under 18,"",Male,"",2,"",1209,283,66,23,19
434,202604,S92000003,S08000020,Type 1,Under 18,"",Male,"",3,"",1473,289,75,18,19
435,202604,S92000003,S08000020,Type 1,Under 18,"",Male,"",4,"",2224,451,133,40,19
436,202604,S92000003,S08000020,Type 1,Under 18,"",Male,"",5,"",2778,576,134,45,29
437,202604,S92000003,S08000020,Type 1,Under 18,"",Male,"",,:,419,114,29,5,6
438,202604,S92000003,S08000020,Type 1,"",:,"",:,,:,0,0,0,0,0
439,202604,S92000003,S08000020,Type 3,18-24,"",Female,"",1,"",24,9,1,0,5
440,202604,S92000003,S08000020,Type 3,18-24,"",Female,"",2,"",41,30,9,4,6
441,202604,S92000003,S08000020,Type 3,18-24,"",Female,"",3,"",82,45,7,5,4
442,202604,S92000003,S08000020,Type 3,18-24,"",Female,"",4,"",57,47,5,3,0
443,202604,S92000003,S08000020,Type 3,18-24,"",Female,"",5,"",25,27,5,0,2
444,202604,S92000003,S08000020,Type 3,18-24,"",Female,"",,:,5,5,0,0,0
445,202604,S92000003,S08000020,Type 3,25-39,"",Female,"",1,"",48,15,6,2,4
446,202604,S92000003,S08000020,Type 3,25-39,"",Female,"",2,"",146,83,16,8,5
447,202604,S92000003,S08000020,Type 3,25-39,"",Female,"",3,"",246,134,23,20,17
448,202604,S92000003,S08000020,Type 3,25-39,"",Female,"",4,"",160,121,14,5,4
449,202604,S92000003,S08000020,Type 3,25-39,"",Female,"",5,"",76,38,8,0,4
450,202604,S92000003,S08000020,Type 3,25-39,"",Female,"",,:,17,16,4,0,0
451,202604,S92000003,S08000020,Type 3,40-64,"",Female,"",1,"",84,34,15,3,3
452,202604,S92000003,S08000020,Type 3,40-64,"",Female,"",2,"",279,141,41,18,25
453,202604,S92000003,S08000020,Type 3,40-64,"",Female,"",3,"",457,311,50,23,57
454,202604,S92000003,S08000020,Type 3,40-64,"",Female,"",4,"",375,219,32,17,17
455,202604,S92000003,S08000020,Type 3,40-64,"",Female,"",5,"",175,111,9,9,18
456,202604,S92000003,S08000020,Type 3,40-64,"",Female,"",,:,13,12,0,0,0
457,202604,S92000003,S08000020,Type 3,65-74,"",Female,"",1,"",26,11,1,1,1
458,202604,S92000003,S08000020,Type 3,65-74,"",Female,"",2,"",92,47,13,2,9
459,202604,S92000003,S08000020,Type 3,65-74,"",Female,"",3,"",161,98,26,13,25
460,202604,S92000003,S08000020,Type 3,65-74,"",Female,"",4,"",110,79,11,7,7
461,202604,S92000003,S08000020,Type 3,65-74,"",Female,"",5,"",97,46,8,3,7
462,202604,S92000003,S08000020,Type 3,65-74,"",Female,"",,:,2,2,0,0,0
463,202604,S92000003,S08000020,Type 3,75 plus,"",Female,"",1,"",20,6,1,0,1
464,202604,S92000003,S08000020,Type 3,75 plus,"",Female,"",2,"",126,64,18,7,14
465,202604,S92000003,S08000020,Type 3,75 plus,"",Female,"",3,"",179,111,29,19,26
466,202604,S92000003,S08000020,Type 3,75 plus,"",Female,"",4,"",144,67,25,8,6
467,202604,S92000003,S08000020,Type 3,75 plus,"",Female,"",5,"",98,45,16,6,7
468,202604,S92000003,S08000020,Type 3,75 plus,"",Female,"",,:,1,1,0,0,0
469,202604,S92000003,S08000020,Type 3,Under 18,"",Female,"",1,"",41,13,6,2,2
470,202604,S92000003,S08000020,Type 3,Under 18,"",Female,"",2,"",123,54,11,4,3
471,202604,S92000003,S08000020,Type 3,Under 18,"",Female,"",3,"",277,171,23,10,7
472,202604,S92000003,S08000020,Type 3,Under 18,"",Female,"",4,"",203,128,17,6,4
473,202604,S92000003,S08000020,Type 3,Under 18,"",Female,"",5,"",94,58,13,3,3
474,202604,S92000003,S08000020,Type 3,Under 18,"",Female,"",,:,21,6,2,0,1
475,202604,S92000003,S08000020,Type 3,18-24,"",Male,"",1,"",29,10,1,1,0
476,202604,S92000003,S08000020,Type 3,18-24,"",Male,"",2,"",57,36,2,1,1
477,202604,S92000003,S08000020,Type 3,18-24,"",Male,"",3,"",120,64,14,5,1
478,202604,S92000003,S08000020,Type 3,18-24,"",Male,"",4,"",87,50,11,2,1
479,202604,S92000003,S08000020,Type 3,18-24,"",Male,"",5,"",46,32,3,1,0
480,202604,S92000003,S08000020,Type 3,18-24,"",Male,"",,:,6,2,0,0,0
481,202604,S92000003,S08000020,Type 3,25-39,"",Male,"",1,"",63,32,9,5,0
482,202604,S92000003,S08000020,Type 3,25-39,"",Male,"",2,"",150,55,15,6,5
483,202604,S92000003,S08000020,Type 3,25-39,"",Male,"",3,"",239,118,22,5,5
484,202604,S92000003,S08000020,Type 3,25-39,"",Male,"",4,"",170,107,13,4,2
485,202604,S92000003,S08000020,Type 3,25-39,"",Male,"",5,"",77,55,6,0,3
486,202604,S92000003,S08000020,Type 3,25-39,"",Male,"",,:,26,8,0,1,0
487,202604,S92000003,S08000020,Type 3,40-64,"",Male,"",1,"",100,46,8,5,6
488,202604,S92000003,S08000020,Type 3,40-64,"",Male,"",2,"",219,79,22,13,22
489,202604,S92000003,S08000020,Type 3,40-64,"",Male,"",3,"",396,210,42,10,29
490,202604,S92000003,S08000020,Type 3,40-64,"",Male,"",4,"",283,144,16,3,11
491,202604,S92000003,S08000020,Type 3,40-64,"",Male,"",5,"",140,74,9,3,5
492,202604,S92000003,S08000020,Type 3,40-64,"",Male,"",,:,8,8,0,1,0
493,202604,S92000003,S08000020,Type 3,65-74,"",Male,"",1,"",18,1,2,0,2
494,202604,S92000003,S08000020,Type 3,65-74,"",Male,"",2,"",86,30,7,3,13
495,202604,S92000003,S08000020,Type 3,65-74,"",Male,"",3,"",175,84,22,9,28
496,202604,S92000003,S08000020,Type 3,65-74,"",Male,"",4,"",116,60,16,2,5
497,202604,S92000003,S08000020,Type 3,65-74,"",Male,"",5,"",72,38,4,1,5
498,202604,S92000003,S08000020,Type 3,65-74,"",Male,"",,:,3,4,1,0,0
499,202604,S92000003,S08000020,Type 3,75 plus,"",Male,"",1,"",18,3,2,0,0
500,202604,S92000003,S08000020,Type 3,75 plus,"",Male,"",2,"",74,35,17,3,16
501,202604,S92000003,S08000020,Type 3,75 plus,"",Male,"",3,"",160,70,22,8,27
502,202604,S92000003,S08000020,Type 3,75 plus,"",Male,"",4,"",131,53,7,5,10
503,202604,S92000003,S08000020,Type 3,75 plus,"",Male,"",5,"",60,38,11,5,5
504,202604,S92000003,S08000020,Type 3,Under 18,"",Male,"",1,"",52,22,6,0,0
505,202604,S92000003,S08000020,Type 3,Under 18,"",Male,"",2,"",171,82,19,3,2
506,202604,S92000003,S08000020,Type 3,Under 18,"",Male,"",3,"",350,202,33,13,3
507,202604,S92000003,S08000020,Type 3,Under 18,"",Male,"",4,"",267,173,18,8,2
508,202604,S92000003,S08000020,Type 3,Under 18,"",Male,"",5,"",141,83,7,4,1
509,202604,S92000003,S08000020,Type 3,Under 18,"",Male,"",,:,27,17,2,0,0
510,202604,S92000003,S08000020,Type 3,"",:,"",:,,:,0,0,0,0,0
511,202604,S92000003,S08000022,Type 1,18-24,"",Female,"",1,"",148,43,15,5,5
512,202604,S92000003,S08000022,Type 1,18-24,"",Female,"",2,"",240,71,24,16,13
513,202604,S92000003,S08000022,Type 1,18-24,"",Female,"",3,"",329,86,24,14,9
514,202604,S92000003,S08000022,Type 1,18-24,"",Female,"",4,"",340,73,21,7,11
515,202604,S92000003,S08000022,Type 1,18-24,"",Female,"",5,"",139,20,5,5,3
516,202604,S92000003,S08000022,Type 1,18-24,"",Female,"",,:,47,14,15,6,6
517,202604,S92000003,S08000022,Type 1,25-39,"",Female,"",1,"",307,74,23,15,19
518,202604,S92000003,S08000022,Type 1,25-39,"",Female,"",2,"",536,113,46,19,17
519,202604,S92000003,S08000022,Type 1,25-39,"",Female,"",3,"",701,156,49,17,23
520,202604,S92000003,S08000022,Type 1,25-39,"",Female,"",4,"",744,125,49,7,17
521,202604,S92000003,S08000022,Type 1,25-39,"",Female,"",5,"",250,50,10,5,7
522,202604,S92000003,S08000022,Type 1,25-39,"",Female,"",,:,204,51,11,2,2
523,202604,S92000003,S08000022,Type 1,40-64,"",Female,"",1,"",430,105,43,10,20
524,202604,S92000003,S08000022,Type 1,40-64,"",Female,"",2,"",939,205,71,26,24
525,202604,S92000003,S08000022,Type 1,40-64,"",Female,"",3,"",1538,315,76,39,24
526,202604,S92000003,S08000022,Type 1,40-64,"",Female,"",4,"",1583,255,59,18,28
527,202604,S92000003,S08000022,Type 1,40-64,"",Female,"",5,"",501,61,20,11,2
528,202604,S92000003,S08000022,Type 1,40-64,"",Female,"",,:,177,38,14,5,4
529,202604,S92000003,S08000022,Type 1,65-74,"",Female,"",1,"",164,29,10,5,7
530,202604,S92000003,S08000022,Type 1,65-74,"",Female,"",2,"",367,82,30,13,12
531,202604,S92000003,S08000022,Type 1,65-74,"",Female,"",3,"",664,124,41,17,10
532,202604,S92000003,S08000022,Type 1,65-74,"",Female,"",4,"",641,128,30,13,12
533,202604,S92000003,S08000022,Type 1,65-74,"",Female,"",5,"",217,30,7,1,0
534,202604,S92000003,S08000022,Type 1,65-74,"",Female,"",,:,25,10,3,1,1
535,202604,S92000003,S08000022,Type 1,75 plus,"",Female,"",1,"",133,47,27,8,8
536,202604,S92000003,S08000022,Type 1,75 plus,"",Female,"",2,"",520,174,62,19,20
537,202604,S92000003,S08000022,Type 1,75 plus,"",Female,"",3,"",1030,251,86,19,24
538,202604,S92000003,S08000022,Type 1,75 plus,"",Female,"",4,"",980,230,68,26,26
539,202604,S92000003,S08000022,Type 1,75 plus,"",Female,"",5,"",301,67,12,4,7
540,202604,S92000003,S08000022,Type 1,75 plus,"",Female,"",,:,47,12,6,0,0
541,202604,S92000003,S08000022,Type 1,Under 18,"",Female,"",1,"",242,77,20,7,7
542,202604,S92000003,S08000022,Type 1,Under 18,"",Female,"",2,"",533,122,33,13,12
543,202604,S92000003,S08000022,Type 1,Under 18,"",Female,"",3,"",743,143,40,14,9
544,202604,S92000003,S08000022,Type 1,Under 18,"",Female,"",4,"",908,177,40,19,8
545,202604,S92000003,S08000022,Type 1,Under 18,"",Female,"",5,"",341,63,15,3,2
546,202604,S92000003,S08000022,Type 1,Under 18,"",Female,"",,:,241,56,13,2,2
547,202604,S92000003,S08000022,Type 1,18-24,"",Male,"",1,"",155,45,12,3,7
548,202604,S92000003,S08000022,Type 1,18-24,"",Male,"",2,"",286,65,27,4,2
549,202604,S92000003,S08000022,Type 1,18-24,"",Male,"",3,"",409,85,21,8,3
550,202604,S92000003,S08000022,Type 1,18-24,"",Male,"",4,"",429,96,23,9,2
551,202604,S92000003,S08000022,Type 1,18-24,"",Male,"",5,"",150,16,7,3,4
552,202604,S92000003,S08000022,Type 1,18-24,"",Male,"",,:,46,11,2,4,1
553,202604,S92000003,S08000022,Type 1,25-39,"",Male,"",1,"",418,80,29,21,20
554,202604,S92000003,S08000022,Type 1,25-39,"",Male,"",2,"",618,145,52,18,14
555,202604,S92000003,S08000022,Type 1,25-39,"",Male,"",3,"",849,163,50,12,19
556,202604,S92000003,S08000022,Type 1,25-39,"",Male,"",4,"",854,163,47,15,6
557,202604,S92000003,S08000022,Type 1,25-39,"",Male,"",5,"",285,48,12,3,1
558,202604,S92000003,S08000022,Type 1,25-39,"",Male,"",,:,143,32,12,4,5
559,202604,S92000003,S08000022,Type 1,40-64,"",Male,"",1,"",555,138,48,19,25
560,202604,S92000003,S08000022,Type 1,40-64,"",Male,"",2,"",1032,217,62,34,35
561,202604,S92000003,S08000022,Type 1,40-64,"",Male,"",3,"",1533,295,68,20,18
562,202604,S92000003,S08000022,Type 1,40-64,"",Male,"",4,"",1563,256,71,18,19
563,202604,S92000003,S08000022,Type 1,40-64,"",Male,"",5,"",528,70,14,5,2
564,202604,S92000003,S08000022,Type 1,40-64,"",Male,"",,:,153,24,9,1,3
565,202604,S92000003,S08000022,Type 1,65-74,"",Male,"",1,"",126,44,11,6,11
566,202604,S92000003,S08000022,Type 1,65-74,"",Male,"",2,"",353,81,23,13,10
567,202604,S92000003,S08000022,Type 1,65-74,"",Male,"",3,"",639,121,40,19,22
568,202604,S92000003,S08000022,Type 1,65-74,"",Male,"",4,"",673,123,47,13,14
569,202604,S92000003,S08000022,Type 1,65-74,"",Male,"",5,"",213,39,7,1,1
570,202604,S92000003,S08000022,Type 1,65-74,"",Male,"",,:,27,9,1,2,1
571,202604,S92000003,S08000022,Type 1,75 plus,"",Male,"",1,"",130,31,11,5,16
572,202604,S92000003,S08000022,Type 1,75 plus,"",Male,"",2,"",394,147,55,16,23
573,202604,S92000003,S08000022,Type 1,75 plus,"",Male,"",3,"",798,198,77,31,28
574,202604,S92000003,S08000022,Type 1,75 plus,"",Male,"",4,"",803,219,58,33,28
575,202604,S92000003,S08000022,Type 1,75 plus,"",Male,"",5,"",254,65,21,4,8
576,202604,S92000003,S08000022,Type 1,75 plus,"",Male,"",,:,35,9,2,1,1
577,202604,S92000003,S08000022,Type 1,Under 18,"",Male,"",1,"",342,71,18,5,4
578,202604,S92000003,S08000022,Type 1,Under 18,"",Male,"",2,"",671,145,46,13,11
579,202604,S92000003,S08000022,Type 1,Under 18,"",Male,"",3,"",942,205,60,16,11
580,202604,S92000003,S08000022,Type 1,Under 18,"",Male,"",4,"",1149,255,58,16,3
581,202604,S92000003,S08000022,Type 1,Under 18,"",Male,"",5,"",445,76,18,11,2
582,202604,S92000003,S08000022,Type 1,Under 18,"",Male,"",,:,248,61,10,4,10
583,202604,S92000003,S08000022,Type 1,"",:,"",:,,:,0,0,0,0,1
584,202604,S92000003,S08000022,Type 3,18-24,"",Female,"",1,"",11,7,1,1,2
585,202604,S92000003,S08000022,Type 3,18-24,"",Female,"",2,"",12,9,1,1,3
586,202604,S92000003,S08000022,Type 3,18-24,"",Female,"",3,"",25,9,4,1,2
587,202604,S92000003,S08000022,Type 3,18-24,"",Female,"",4,"",4,0,1,0,0
588,202604,S92000003,S08000022,Type 3,18-24,"",Female,"",5,"",2,0,0,0,0
589,202604,S92000003,S08000022,Type 3,25-39,"",Female,"",1,"",28,9,4,1,4
590,202604,S92000003,S08000022,Type 3,25-39,"",Female,"",2,"",38,12,6,4,3
591,202604,S92000003,S08000022,Type 3,25-39,"",Female,"",3,"",61,18,3,2,10
592,202604,S92000003,S08000022,Type 3,25-39,"",Female,"",4,"",10,1,0,1,1
593,202604,S92000003,S08000022,Type 3,25-39,"",Female,"",5,"",3,0,1,0,0
594,202604,S92000003,S08000022,Type 3,25-39,"",Female,"",,:,2,0,0,0,0
595,202604,S92000003,S08000022,Type 3,40-64,"",Female,"",1,"",44,16,4,0,6
596,202604,S92000003,S08000022,Type 3,40-64,"",Female,"",2,"",44,16,8,3,3
597,202604,S92000003,S08000022,Type 3,40-64,"",Female,"",3,"",156,30,13,10,9
598,202604,S92000003,S08000022,Type 3,40-64,"",Female,"",4,"",29,5,4,0,1
599,202604,S92000003,S08000022,Type 3,40-64,"",Female,"",5,"",8,1,0,0,0
600,202604,S92000003,S08000022,Type 3,40-64,"",Female,"",,:,1,1,0,0,0
601,202604,S92000003,S08000022,Type 3,65-74,"",Female,"",1,"",16,7,2,4,1
602,202604,S92000003,S08000022,Type 3,65-74,"",Female,"",2,"",19,5,4,1,3
603,202604,S92000003,S08000022,Type 3,65-74,"",Female,"",3,"",54,21,9,3,5
604,202604,S92000003,S08000022,Type 3,65-74,"",Female,"",4,"",13,2,0,1,0
605,202604,S92000003,S08000022,Type 3,65-74,"",Female,"",5,"",1,0,0,0,0
606,202604,S92000003,S08000022,Type 3,65-74,"",Female,"",,:,1,0,0,0,0
607,202604,S92000003,S08000022,Type 3,75 plus,"",Female,"",1,"",22,10,4,5,3
608,202604,S92000003,S08000022,Type 3,75 plus,"",Female,"",2,"",24,9,8,6,3
609,202604,S92000003,S08000022,Type 3,75 plus,"",Female,"",3,"",79,23,13,4,6
610,202604,S92000003,S08000022,Type 3,75 plus,"",Female,"",4,"",12,6,3,1,2
611,202604,S92000003,S08000022,Type 3,75 plus,"",Female,"",5,"",1,0,0,0,0
612,202604,S92000003,S08000022,Type 3,75 plus,"",Female,"",,:,0,1,0,0,0
613,202604,S92000003,S08000022,Type 3,Under 18,"",Female,"",1,"",24,10,2,0,2
614,202604,S92000003,S08000022,Type 3,Under 18,"",Female,"",2,"",21,10,5,4,4
615,202604,S92000003,S08000022,Type 3,Under 18,"",Female,"",3,"",77,26,13,2,3
616,202604,S92000003,S08000022,Type 3,Under 18,"",Female,"",4,"",5,6,1,0,0
617,202604,S92000003,S08000022,Type 3,Under 18,"",Female,"",5,"",5,0,0,0,0
618,202604,S92000003,S08000022,Type 3,18-24,"",Male,"",1,"",8,3,1,1,2
619,202604,S92000003,S08000022,Type 3,18-24,"",Male,"",2,"",18,1,0,1,3
620,202604,S92000003,S08000022,Type 3,18-24,"",Male,"",3,"",26,10,4,3,2
621,202604,S92000003,S08000022,Type 3,18-24,"",Male,"",4,"",14,1,0,0,0
622,202604,S92000003,S08000022,Type 3,18-24,"",Male,"",5,"",3,0,0,0,0
623,202604,S92000003,S08000022,Type 3,25-39,"",Male,"",1,"",36,7,3,2,2
624,202604,S92000003,S08000022,Type 3,25-39,"",Male,"",2,"",35,10,1,2,4
625,202604,S92000003,S08000022,Type 3,25-39,"",Male,"",3,"",53,13,4,3,4
626,202604,S92000003,S08000022,Type 3,25-39,"",Male,"",4,"",8,1,2,0,0
627,202604,S92000003,S08000022,Type 3,25-39,"",Male,"",5,"",3,0,0,0,0
628,202604,S92000003,S08000022,Type 3,40-64,"",Male,"",1,"",35,22,6,0,6
629,202604,S92000003,S08000022,Type 3,40-64,"",Male,"",2,"",35,18,5,4,5
630,202604,S92000003,S08000022,Type 3,40-64,"",Male,"",3,"",143,41,17,5,9
631,202604,S92000003,S08000022,Type 3,40-64,"",Male,"",4,"",33,5,0,3,0
632,202604,S92000003,S08000022,Type 3,40-64,"",Male,"",5,"",3,0,0,0,0
633,202604,S92000003,S08000022,Type 3,40-64,"",Male,"",,:,2,0,0,0,0
634,202604,S92000003,S08000022,Type 3,65-74,"",Male,"",1,"",20,6,3,2,1
635,202604,S92000003,S08000022,Type 3,65-74,"",Male,"",2,"",24,7,5,0,0
636,202604,S92000003,S08000022,Type 3,65-74,"",Male,"",3,"",77,17,7,5,2
637,202604,S92000003,S08000022,Type 3,65-74,"",Male,"",4,"",8,2,1,2,0
638,202604,S92000003,S08000022,Type 3,65-74,"",Male,"",5,"",4,0,0,0,0
639,202604,S92000003,S08000022,Type 3,65-74,"",Male,"",,:,3,0,0,0,0
640,202604,S92000003,S08000022,Type 3,75 plus,"",Male,"",1,"",18,8,3,1,3
641,202604,S92000003,S08000022,Type 3,75 plus,"",Male,"",2,"",22,9,4,2,4
642,202604,S92000003,S08000022,Type 3,75 plus,"",Male,"",3,"",59,25,1,5,9
643,202604,S92000003,S08000022,Type 3,75 plus,"",Male,"",4,"",12,6,1,3,1
644,202604,S92000003,S08000022,Type 3,75 plus,"",Male,"",5,"",2,0,0,0,0
645,202604,S92000003,S08000022,Type 3,Under 18,"",Male,"",1,"",29,8,3,2,1
646,202604,S92000003,S08000022,Type 3,Under 18,"",Male,"",2,"",29,12,6,1,4
647,202604,S92000003,S08000022,Type 3,Under 18,"",Male,"",3,"",83,41,14,6,5
648,202604,S92000003,S08000022,Type 3,Under 18,"",Male,"",4,"",18,4,1,0,0
649,202604,S92000003,S08000022,Type 3,Under 18,"",Male,"",5,"",2,0,0,0,0
650,202604,S92000003,S08000022,Type 3,Under 18,"",Male,"",,:,2,0,0,0,0
651,202604,S92000003,S08000022,Type 3,"",:,"",:,,:,0,0,0,0,0
652,202604,S92000003,S08000024,Type 1,18-24,"",Female,"",1,"",846,257,69,33,42
653,202604,S92000003,S08000024,Type 1,18-24,"",Female,"",2,"",1237,325,96,38,52
654,202604,S92000003,S08000024,Type 1,18-24,"",Female,"",3,"",1072,227,52,28,25
655,202604,S92000003,S08000024,Type 1,18-24,"",Female,"",4,"",1025,193,53,21,20
656,202604,S92000003,S08000024,Type 1,18-24,"",Female,"",5,"",1419,266,66,19,22
657,202604,S92000003,S08000024,Type 1,18-24,"",Female,"",,:,216,54,21,6,10
658,202604,S92000003,S08000024,Type 1,25-39,"",Female,"",1,"",2105,546,146,65,99
659,202604,S92000003,S08000024,Type 1,25-39,"",Female,"",2,"",2756,681,207,69,97
660,202604,S92000003,S08000024,Type 1,25-39,"",Female,"",3,"",2039,457,133,38,51
661,202604,S92000003,S08000024,Type 1,25-39,"",Female,"",4,"",1984,408,92,27,33
662,202604,S92000003,S08000024,Type 1,25-39,"",Female,"",5,"",2005,313,87,24,32
663,202604,S92000003,S08000024,Type 1,25-39,"",Female,"",,:,926,228,61,28,23
664,202604,S92000003,S08000024,Type 1,40-64,"",Female,"",1,"",2649,677,226,87,102
665,202604,S92000003,S08000024,Type 1,40-64,"",Female,"",2,"",3711,933,266,80,123
666,202604,S92000003,S08000024,Type 1,40-64,"",Female,"",3,"",2770,617,173,66,48
667,202604,S92000003,S08000024,Type 1,40-64,"",Female,"",4,"",2781,599,124,49,44
668,202604,S92000003,S08000024,Type 1,40-64,"",Female,"",5,"",3225,619,124,45,30
669,202604,S92000003,S08000024,Type 1,40-64,"",Female,"",,:,647,159,38,18,19
670,202604,S92000003,S08000024,Type 1,65-74,"",Female,"",1,"",667,171,65,18,27
671,202604,S92000003,S08000024,Type 1,65-74,"",Female,"",2,"",1313,310,102,30,48
672,202604,S92000003,S08000024,Type 1,65-74,"",Female,"",3,"",1018,204,53,22,16
673,202604,S92000003,S08000024,Type 1,65-74,"",Female,"",4,"",1092,199,56,14,11
674,202604,S92000003,S08000024,Type 1,65-74,"",Female,"",5,"",1370,245,63,22,16
675,202604,S92000003,S08000024,Type 1,65-74,"",Female,"",,:,112,30,4,4,3
676,202604,S92000003,S08000024,Type 1,75 plus,"",Female,"",1,"",778,244,77,26,20
677,202604,S92000003,S08000024,Type 1,75 plus,"",Female,"",2,"",1677,496,178,72,58
678,202604,S92000003,S08000024,Type 1,75 plus,"",Female,"",3,"",1362,392,135,50,26
679,202604,S92000003,S08000024,Type 1,75 plus,"",Female,"",4,"",1589,418,120,39,24
680,202604,S92000003,S08000024,Type 1,75 plus,"",Female,"",5,"",2582,643,203,54,30
681,202604,S92000003,S08000024,Type 1,75 plus,"",Female,"",,:,88,19,7,1,3
682,202604,S92000003,S08000024,Type 1,Under 18,"",Female,"",1,"",2217,748,259,116,129
683,202604,S92000003,S08000024,Type 1,Under 18,"",Female,"",2,"",2654,914,336,121,155
684,202604,S92000003,S08000024,Type 1,Under 18,"",Female,"",3,"",2033,715,227,90,93
685,202604,S92000003,S08000024,Type 1,Under 18,"",Female,"",4,"",2226,677,216,74,79
686,202604,S92000003,S08000024,Type 1,Under 18,"",Female,"",5,"",3016,845,266,101,86
687,202604,S92000003,S08000024,Type 1,Under 18,"",Female,"",,:,1251,410,155,64,74
688,202604,S92000003,S08000024,Type 1,18-24,"",Male,"",1,"",869,233,66,21,24
689,202604,S92000003,S08000024,Type 1,18-24,"",Male,"",2,"",1138,259,77,29,31
690,202604,S92000003,S08000024,Type 1,18-24,"",Male,"",3,"",915,196,38,14,14
691,202604,S92000003,S08000024,Type 1,18-24,"",Male,"",4,"",894,206,44,13,15
692,202604,S92000003,S08000024,Type 1,18-24,"",Male,"",5,"",1278,240,45,11,10
693,202604,S92000003,S08000024,Type 1,18-24,"",Male,"",,:,163,44,9,2,3
694,202604,S92000003,S08000024,Type 1,25-39,"",Male,"",1,"",2137,469,164,48,73
695,202604,S92000003,S08000024,Type 1,25-39,"",Male,"",2,"",2635,607,169,77,101
696,202604,S92000003,S08000024,Type 1,25-39,"",Male,"",3,"",2001,428,114,39,42
697,202604,S92000003,S08000024,Type 1,25-39,"",Male,"",4,"",1780,337,69,23,34
698,202604,S92000003,S08000024,Type 1,25-39,"",Male,"",5,"",1774,288,64,17,17
699,202604,S92000003,S08000024,Type 1,25-39,"",Male,"",,:,653,147,35,19,17
700,202604,S92000003,S08000024,Type 1,40-64,"",Male,"",1,"",2747,660,201,93,119
701,202604,S92000003,S08000024,Type 1,40-64,"",Male,"",2,"",3631,899,268,114,141
702,202604,S92000003,S08000024,Type 1,40-64,"",Male,"",3,"",2787,595,206,63,69
703,202604,S92000003,S08000024,Type 1,40-64,"",Male,"",4,"",2709,512,134,42,45
704,202604,S92000003,S08000024,Type 1,40-64,"",Male,"",5,"",2970,490,144,30,32
705,202604,S92000003,S08000024,Type 1,40-64,"",Male,"",,:,558,106,30,17,21
706,202604,S92000003,S08000024,Type 1,65-74,"",Male,"",1,"",658,180,65,31,27
707,202604,S92000003,S08000024,Type 1,65-74,"",Male,"",2,"",1104,292,79,32,39
708,202604,S92000003,S08000024,Type 1,65-74,"",Male,"",3,"",931,190,75,29,30
709,202604,S92000003,S08000024,Type 1,65-74,"",Male,"",4,"",986,202,54,15,20
710,202604,S92000003,S08000024,Type 1,65-74,"",Male,"",5,"",1244,240,49,20,16
711,202604,S92000003,S08000024,Type 1,65-74,"",Male,"",,:,91,25,8,2,3
712,202604,S92000003,S08000024,Type 1,75 plus,"",Male,"",1,"",563,179,83,37,21
713,202604,S92000003,S08000024,Type 1,75 plus,"",Male,"",2,"",1138,374,132,51,43
714,202604,S92000003,S08000024,Type 1,75 plus,"",Male,"",3,"",966,278,94,43,30
715,202604,S92000003,S08000024,Type 1,75 plus,"",Male,"",4,"",1157,339,102,35,29
716,202604,S92000003,S08000024,Type 1,75 plus,"",Male,"",5,"",1831,457,128,34,28
717,202604,S92000003,S08000024,Type 1,75 plus,"",Male,"",,:,61,11,3,1,0
718,202604,S92000003,S08000024,Type 1,Under 18,"",Male,"",1,"",2490,896,302,131,140
719,202604,S92000003,S08000024,Type 1,Under 18,"",Male,"",2,"",3122,1121,372,161,156
720,202604,S92000003,S08000024,Type 1,Under 18,"",Male,"",3,"",2518,863,298,111,104
721,202604,S92000003,S08000024,Type 1,Under 18,"",Male,"",4,"",2818,844,272,107,93
722,202604,S92000003,S08000024,Type 1,Under 18,"",Male,"",5,"",3705,1133,371,143,103
723,202604,S92000003,S08000024,Type 1,Under 18,"",Male,"",,:,1538,526,182,92,86
724,202604,S92000003,S08000024,Type 1,"",:,"",:,,:,0,0,0,0,0
725,202604,S92000003,S08000024,Type 3,18-24,"",Female,"",1,"",198,22,5,4,2
726,202604,S92000003,S08000024,Type 3,18-24,"",Female,"",2,"",217,22,5,1,0
727,202604,S92000003,S08000024,Type 3,18-24,"",Female,"",3,"",245,24,5,1,0
728,202604,S92000003,S08000024,Type 3,18-24,"",Female,"",4,"",252,17,2,0,0
729,202604,S92000003,S08000024,Type 3,18-24,"",Female,"",5,"",458,44,6,0,2
730,202604,S92000003,S08000024,Type 3,18-24,"",Female,"",,:,51,6,0,1,0
731,202604,S92000003,S08000024,Type 3,25-39,"",Female,"",1,"",565,66,15,3,2
732,202604,S92000003,S08000024,Type 3,25-39,"",Female,"",2,"",583,71,13,3,5
733,202604,S92000003,S08000024,Type 3,25-39,"",Female,"",3,"",529,64,10,0,4
734,202604,S92000003,S08000024,Type 3,25-39,"",Female,"",4,"",559,51,8,3,1
735,202604,S92000003,S08000024,Type 3,25-39,"",Female,"",5,"",819,72,13,4,5
736,202604,S92000003,S08000024,Type 3,25-39,"",Female,"",,:,199,16,1,1,1
737,202604,S92000003,S08000024,Type 3,40-64,"",Female,"",1,"",858,117,37,5,5
738,202604,S92000003,S08000024,Type 3,40-64,"",Female,"",2,"",939,125,44,11,7
739,202604,S92000003,S08000024,Type 3,40-64,"",Female,"",3,"",738,95,11,6,5
740,202604,S92000003,S08000024,Type 3,40-64,"",Female,"",4,"",773,92,14,7,6
741,202604,S92000003,S08000024,Type 3,40-64,"",Female,"",5,"",1522,166,36,7,6
742,202604,S92000003,S08000024,Type 3,40-64,"",Female,"",,:,163,22,7,0,3
743,202604,S92000003,S08000024,Type 3,65-74,"",Female,"",1,"",278,51,15,2,7
744,202604,S92000003,S08000024,Type 3,65-74,"",Female,"",2,"",394,69,14,4,4
745,202604,S92000003,S08000024,Type 3,65-74,"",Female,"",3,"",305,51,14,4,2
746,202604,S92000003,S08000024,Type 3,65-74,"",Female,"",4,"",325,50,10,7,3
747,202604,S92000003,S08000024,Type 3,65-74,"",Female,"",5,"",772,85,21,5,2
748,202604,S92000003,S08000024,Type 3,65-74,"",Female,"",,:,41,4,0,0,0
749,202604,S92000003,S08000024,Type 3,75 plus,"",Female,"",1,"",314,60,13,5,7
750,202604,S92000003,S08000024,Type 3,75 plus,"",Female,"",2,"",572,98,17,10,3
751,202604,S92000003,S08000024,Type 3,75 plus,"",Female,"",3,"",455,76,16,3,4
752,202604,S92000003,S08000024,Type 3,75 plus,"",Female,"",4,"",623,104,28,9,2
753,202604,S92000003,S08000024,Type 3,75 plus,"",Female,"",5,"",1364,264,49,19,13
754,202604,S92000003,S08000024,Type 3,75 plus,"",Female,"",,:,21,4,0,0,1
755,202604,S92000003,S08000024,Type 3,Under 18,"",Female,"",1,"",133,13,1,0,0
756,202604,S92000003,S08000024,Type 3,Under 18,"",Female,"",2,"",99,13,2,1,0
757,202604,S92000003,S08000024,Type 3,Under 18,"",Female,"",3,"",78,9,0,0,0
758,202604,S92000003,S08000024,Type 3,Under 18,"",Female,"",4,"",87,12,1,0,0
759,202604,S92000003,S08000024,Type 3,Under 18,"",Female,"",5,"",317,30,4,1,0
760,202604,S92000003,S08000024,Type 3,Under 18,"",Female,"",,:,22,1,0,0,0
761,202604,S92000003,S08000024,Type 3,18-24,"",Male,"",1,"",227,29,4,1,0
762,202604,S92000003,S08000024,Type 3,18-24,"",Male,"",2,"",266,28,7,0,1
763,202604,S92000003,S08000024,Type 3,18-24,"",Male,"",3,"",207,29,5,0,1
764,202604,S92000003,S08000024,Type 3,18-24,"",Male,"",4,"",258,25,5,0,0
765,202604,S92000003,S08000024,Type 3,18-24,"",Male,"",5,"",492,54,7,3,0
766,202604,S92000003,S08000024,Type 3,18-24,"",Male,"",,:,35,2,1,0,0
767,202604,S92000003,S08000024,Type 3,25-39,"",Male,"",1,"",572,79,14,4,0
768,202604,S92000003,S08000024,Type 3,25-39,"",Male,"",2,"",688,87,20,3,5
769,202604,S92000003,S08000024,Type 3,25-39,"",Male,"",3,"",657,56,11,2,1
770,202604,S92000003,S08000024,Type 3,25-39,"",Male,"",4,"",548,78,17,2,4
771,202604,S92000003,S08000024,Type 3,25-39,"",Male,"",5,"",872,91,18,5,3
772,202604,S92000003,S08000024,Type 3,25-39,"",Male,"",,:,138,26,4,1,0
773,202604,S92000003,S08000024,Type 3,40-64,"",Male,"",1,"",857,119,27,5,10
774,202604,S92000003,S08000024,Type 3,40-64,"",Male,"",2,"",941,118,36,9,10
775,202604,S92000003,S08000024,Type 3,40-64,"",Male,"",3,"",765,100,19,7,2
776,202604,S92000003,S08000024,Type 3,40-64,"",Male,"",4,"",755,95,21,12,3
777,202604,S92000003,S08000024,Type 3,40-64,"",Male,"",5,"",1451,175,34,8,4
778,202604,S92000003,S08000024,Type 3,40-64,"",Male,"",,:,154,20,8,2,2
779,202604,S92000003,S08000024,Type 3,65-74,"",Male,"",1,"",263,53,19,7,10
780,202604,S92000003,S08000024,Type 3,65-74,"",Male,"",2,"",374,73,19,3,4
781,202604,S92000003,S08000024,Type 3,65-74,"",Male,"",3,"",273,41,12,5,4
782,202604,S92000003,S08000024,Type 3,65-74,"",Male,"",4,"",360,45,13,5,2
783,202604,S92000003,S08000024,Type 3,65-74,"",Male,"",5,"",624,99,29,6,5
784,202604,S92000003,S08000024,Type 3,65-74,"",Male,"",,:,24,4,1,0,0
785,202604,S92000003,S08000024,Type 3,75 plus,"",Male,"",1,"",269,56,13,8,7
786,202604,S92000003,S08000024,Type 3,75 plus,"",Male,"",2,"",433,104,38,9,11
787,202604,S92000003,S08000024,Type 3,75 plus,"",Male,"",3,"",343,75,28,10,13
788,202604,S92000003,S08000024,Type 3,75 plus,"",Male,"",4,"",483,101,18,10,9
789,202604,S92000003,S08000024,Type 3,75 plus,"",Male,"",5,"",1113,246,78,27,30
790,202604,S92000003,S08000024,Type 3,75 plus,"",Male,"",,:,23,5,1,1,0
791,202604,S92000003,S08000024,Type 3,Under 18,"",Male,"",1,"",191,14,6,0,0
792,202604,S92000003,S08000024,Type 3,Under 18,"",Male,"",2,"",152,22,0,2,0
793,202604,S92000003,S08000024,Type 3,Under 18,"",Male,"",3,"",103,18,1,0,0
794,202604,S92000003,S08000024,Type 3,Under 18,"",Male,"",4,"",144,23,3,1,0
795,202604,S92000003,S08000024,Type 3,Under 18,"",Male,"",5,"",513,84,11,2,2
796,202604,S92000003,S08000024,Type 3,Under 18,"",Male,"",,:,44,2,0,0,0
797,202604,S92000003,S08000024,Type 3,"",:,"",:,,:,0,0,0,0,0
798,202604,S92000003,S08000025,Type 1,18-24,"",Female,"",1,"",2,1,0,0,0
799,202604,S92000003,S08000025,Type 1,18-24,"",Female,"",2,"",13,8,1,1,2
800,202604,S92000003,S08000025,Type 1,18-24,"",Female,"",3,"",31,9,3,2,0
801,202604,S92000003,S08000025,Type 1,18-24,"",Female,"",4,"",44,17,5,4,4
802,202604,S92000003,S08000025,Type 1,18-24,"",Female,"",5,"",21,6,4,1,1
803,202604,S92000003,S08000025,Type 1,25-39,"",Female,"",1,"",3,0,0,0,1
804,202604,S92000003,S08000025,Type 1,25-39,"",Female,"",2,"",35,16,4,0,3
805,202604,S92000003,S08000025,Type 1,25-39,"",Female,"",3,"",78,23,8,5,2
806,202604,S92000003,S08000025,Type 1,25-39,"",Female,"",4,"",113,27,13,3,10
807,202604,S92000003,S08000025,Type 1,25-39,"",Female,"",5,"",40,4,4,0,1
808,202604,S92000003,S08000025,Type 1,40-64,"",Female,"",1,"",9,1,0,0,0
809,202604,S92000003,S08000025,Type 1,40-64,"",Female,"",2,"",73,23,1,0,3
810,202604,S92000003,S08000025,Type 1,40-64,"",Female,"",3,"",156,46,9,2,5
811,202604,S92000003,S08000025,Type 1,40-64,"",Female,"",4,"",229,62,15,10,4
812,202604,S92000003,S08000025,Type 1,40-64,"",Female,"",5,"",72,13,2,2,1
813,202604,S92000003,S08000025,Type 1,40-64,"",Female,"",,:,1,0,1,0,0
814,202604,S92000003,S08000025,Type 1,65-74,"",Female,"",1,"",1,0,0,0,0
815,202604,S92000003,S08000025,Type 1,65-74,"",Female,"",2,"",30,7,4,0,0
816,202604,S92000003,S08000025,Type 1,65-74,"",Female,"",3,"",70,16,7,1,4
817,202604,S92000003,S08000025,Type 1,65-74,"",Female,"",4,"",119,25,7,4,4
818,202604,S92000003,S08000025,Type 1,65-74,"",Female,"",5,"",24,3,1,2,1
819,202604,S92000003,S08000025,Type 1,75 plus,"",Female,"",2,"",48,14,5,2,2
820,202604,S92000003,S08000025,Type 1,75 plus,"",Female,"",3,"",89,31,12,7,5
821,202604,S92000003,S08000025,Type 1,75 plus,"",Female,"",4,"",134,57,19,8,5
822,202604,S92000003,S08000025,Type 1,75 plus,"",Female,"",5,"",24,10,5,2,1
823,202604,S92000003,S08000025,Type 1,Under 18,"",Female,"",1,"",1,1,0,0,0
824,202604,S92000003,S08000025,Type 1,Under 18,"",Female,"",2,"",29,10,5,1,3
825,202604,S92000003,S08000025,Type 1,Under 18,"",Female,"",3,"",82,22,9,0,0
826,202604,S92000003,S08000025,Type 1,Under 18,"",Female,"",4,"",147,36,12,4,4
827,202604,S92000003,S08000025,Type 1,Under 18,"",Female,"",5,"",51,13,5,1,0
828,202604,S92000003,S08000025,Type 1,18-24,"",Male,"",1,"",3,0,0,0,0
829,202604,S92000003,S08000025,Type 1,18-24,"",Male,"",2,"",14,6,2,1,0
830,202604,S92000003,S08000025,Type 1,18-24,"",Male,"",3,"",32,8,3,2,2
831,202604,S92000003,S08000025,Type 1,18-24,"",Male,"",4,"",55,17,1,0,1
832,202604,S92000003,S08000025,Type 1,18-24,"",Male,"",5,"",15,6,0,1,2
833,202604,S92000003,S08000025,Type 1,18-24,"",Male,"",,:,1,0,0,0,0
834,202604,S92000003,S08000025,Type 1,25-39,"",Male,"",1,"",6,2,0,0,0
835,202604,S92000003,S08000025,Type 1,25-39,"",Male,"",2,"",53,14,2,2,4
836,202604,S92000003,S08000025,Type 1,25-39,"",Male,"",3,"",86,32,10,4,3
837,202604,S92000003,S08000025,Type 1,25-39,"",Male,"",4,"",128,43,13,5,4
838,202604,S92000003,S08000025,Type 1,25-39,"",Male,"",5,"",31,13,3,1,1
839,202604,S92000003,S08000025,Type 1,25-39,"",Male,"",,:,3,0,0,0,0
840,202604,S92000003,S08000025,Type 1,40-64,"",Male,"",1,"",9,2,0,0,0
841,202604,S92000003,S08000025,Type 1,40-64,"",Male,"",2,"",55,23,3,3,4
842,202604,S92000003,S08000025,Type 1,40-64,"",Male,"",3,"",170,29,12,7,4
843,202604,S92000003,S08000025,Type 1,40-64,"",Male,"",4,"",239,66,15,3,6
844,202604,S92000003,S08000025,Type 1,40-64,"",Male,"",5,"",62,14,3,1,3
845,202604,S92000003,S08000025,Type 1,40-64,"",Male,"",,:,3,0,0,0,0
846,202604,S92000003,S08000025,Type 1,65-74,"",Male,"",1,"",2,0,0,0,0
847,202604,S92000003,S08000025,Type 1,65-74,"",Male,"",2,"",24,11,4,1,0
848,202604,S92000003,S08000025,Type 1,65-74,"",Male,"",3,"",64,23,5,3,4
849,202604,S92000003,S08000025,Type 1,65-74,"",Male,"",4,"",89,31,11,4,5
850,202604,S92000003,S08000025,Type 1,65-74,"",Male,"",5,"",30,6,2,0,0
851,202604,S92000003,S08000025,Type 1,75 plus,"",Male,"",1,"",2,0,0,0,0
852,202604,S92000003,S08000025,Type 1,75 plus,"",Male,"",2,"",36,12,2,0,1
853,202604,S92000003,S08000025,Type 1,75 plus,"",Male,"",3,"",73,27,8,6,7
854,202604,S92000003,S08000025,Type 1,75 plus,"",Male,"",4,"",96,47,15,12,14
855,202604,S92000003,S08000025,Type 1,75 plus,"",Male,"",5,"",33,6,3,1,0
856,202604,S92000003,S08000025,Type 1,75 plus,"",Male,"",,:,1,0,0,0,0
857,202604,S92000003,S08000025,Type 1,Under 18,"",Male,"",2,"",38,7,6,0,0
858,202604,S92000003,S08000025,Type 1,Under 18,"",Male,"",3,"",109,26,9,2,2
859,202604,S92000003,S08000025,Type 1,Under 18,"",Male,"",4,"",172,51,14,6,2
860,202604,S92000003,S08000025,Type 1,Under 18,"",Male,"",5,"",54,11,7,1,2
861,202604,S92000003,S08000025,Type 1,Under 18,"",Male,"",,:,2,0,0,0,0
862,202604,S92000003,S08000025,Type 1,"",:,"",:,,:,0,0,0,0,0
863,202604,S92000003,S08000026,Type 1,18-24,"",Female,"",1,"",3,0,0,0,1
864,202604,S92000003,S08000026,Type 1,18-24,"",Female,"",2,"",9,3,0,0,0
865,202604,S92000003,S08000026,Type 1,18-24,"",Female,"",3,"",35,4,5,0,1
866,202604,S92000003,S08000026,Type 1,18-24,"",Female,"",4,"",84,17,8,4,5
867,202604,S92000003,S08000026,Type 1,18-24,"",Female,"",5,"",8,0,0,0,0
868,202604,S92000003,S08000026,Type 1,25-39,"",Female,"",1,"",3,0,0,0,0
869,202604,S92000003,S08000026,Type 1,25-39,"",Female,"",2,"",17,8,0,1,0
870,202604,S92000003,S08000026,Type 1,25-39,"",Female,"",3,"",87,29,6,1,4
871,202604,S92000003,S08000026,Type 1,25-39,"",Female,"",4,"",181,47,15,2,8
872,202604,S92000003,S08000026,Type 1,25-39,"",Female,"",5,"",6,0,0,0,0
873,202604,S92000003,S08000026,Type 1,25-39,"",Female,"",,:,2,0,0,0,0
874,202604,S92000003,S08000026,Type 1,40-64,"",Female,"",1,"",3,2,0,0,0
875,202604,S92000003,S08000026,Type 1,40-64,"",Female,"",2,"",32,2,3,1,2
876,202604,S92000003,S08000026,Type 1,40-64,"",Female,"",3,"",159,38,12,8,7
877,202604,S92000003,S08000026,Type 1,40-64,"",Female,"",4,"",307,84,14,8,12
878,202604,S92000003,S08000026,Type 1,40-64,"",Female,"",5,"",8,1,0,0,0
879,202604,S92000003,S08000026,Type 1,40-64,"",Female,"",,:,6,3,0,0,0
880,202604,S92000003,S08000026,Type 1,65-74,"",Female,"",1,"",1,0,0,0,0
881,202604,S92000003,S08000026,Type 1,65-74,"",Female,"",2,"",6,2,0,0,0
882,202604,S92000003,S08000026,Type 1,65-74,"",Female,"",3,"",61,17,9,2,0
883,202604,S92000003,S08000026,Type 1,65-74,"",Female,"",4,"",135,32,11,9,6
884,202604,S92000003,S08000026,Type 1,65-74,"",Female,"",5,"",5,0,0,0,0
885,202604,S92000003,S08000026,Type 1,65-74,"",Female,"",,:,2,0,0,0,0
886,202604,S92000003,S08000026,Type 1,75 plus,"",Female,"",2,"",11,3,0,3,2
887,202604,S92000003,S08000026,Type 1,75 plus,"",Female,"",3,"",99,27,8,6,2
888,202604,S92000003,S08000026,Type 1,75 plus,"",Female,"",4,"",161,73,20,10,13
889,202604,S92000003,S08000026,Type 1,75 plus,"",Female,"",5,"",2,0,0,0,0
890,202604,S92000003,S08000026,Type 1,75 plus,"",Female,"",,:,2,0,0,0,0
891,202604,S92000003,S08000026,Type 1,Under 18,"",Female,"",1,"",0,1,0,0,0
892,202604,S92000003,S08000026,Type 1,Under 18,"",Female,"",2,"",12,2,3,0,0
893,202604,S92000003,S08000026,Type 1,Under 18,"",Female,"",3,"",82,19,8,0,3
894,202604,S92000003,S08000026,Type 1,Under 18,"",Female,"",4,"",233,74,21,8,8
895,202604,S92000003,S08000026,Type 1,Under 18,"",Female,"",5,"",1,1,0,0,0
896,202604,S92000003,S08000026,Type 1,Under 18,"",Female,"",,:,1,1,0,0,0
897,202604,S92000003,S08000026,Type 1,18-24,"",Male,"",1,"",0,2,0,0,0
898,202604,S92000003,S08000026,Type 1,18-24,"",Male,"",2,"",10,0,1,0,0
899,202604,S92000003,S08000026,Type 1,18-24,"",Male,"",3,"",37,12,2,0,3
900,202604,S92000003,S08000026,Type 1,18-24,"",Male,"",4,"",94,29,7,2,2
901,202604,S92000003,S08000026,Type 1,18-24,"",Male,"",5,"",5,0,0,0,0
902,202604,S92000003,S08000026,Type 1,18-24,"",Male,"",,:,4,0,0,0,0
903,202604,S92000003,S08000026,Type 1,25-39,"",Male,"",1,"",10,1,1,1,0
904,202604,S92000003,S08000026,Type 1,25-39,"",Male,"",2,"",33,4,4,1,1
905,202604,S92000003,S08000026,Type 1,25-39,"",Male,"",3,"",113,13,4,3,4
906,202604,S92000003,S08000026,Type 1,25-39,"",Male,"",4,"",212,45,22,3,7
907,202604,S92000003,S08000026,Type 1,25-39,"",Male,"",5,"",8,1,0,0,1
908,202604,S92000003,S08000026,Type 1,25-39,"",Male,"",,:,1,0,0,0,0
909,202604,S92000003,S08000026,Type 1,40-64,"",Male,"",1,"",10,2,0,0,0
910,202604,S92000003,S08000026,Type 1,40-64,"",Male,"",2,"",37,5,2,0,4
911,202604,S92000003,S08000026,Type 1,40-64,"",Male,"",3,"",193,51,21,5,6
912,202604,S92000003,S08000026,Type 1,40-64,"",Male,"",4,"",333,75,29,8,11
913,202604,S92000003,S08000026,Type 1,40-64,"",Male,"",5,"",31,1,0,0,0
914,202604,S92000003,S08000026,Type 1,40-64,"",Male,"",,:,4,0,0,1,0
915,202604,S92000003,S08000026,Type 1,65-74,"",Male,"",1,"",2,1,0,0,0
916,202604,S92000003,S08000026,Type 1,65-74,"",Male,"",2,"",4,2,1,0,1
917,202604,S92000003,S08000026,Type 1,65-74,"",Male,"",3,"",62,20,4,3,4
918,202604,S92000003,S08000026,Type 1,65-74,"",Male,"",4,"",123,52,14,5,7
919,202604,S92000003,S08000026,Type 1,65-74,"",Male,"",5,"",2,0,0,1,0
920,202604,S92000003,S08000026,Type 1,75 plus,"",Male,"",2,"",7,5,2,0,5
921,202604,S92000003,S08000026,Type 1,75 plus,"",Male,"",3,"",91,37,6,6,9
922,202604,S92000003,S08000026,Type 1,75 plus,"",Male,"",4,"",131,53,14,18,17
923,202604,S92000003,S08000026,Type 1,75 plus,"",Male,"",5,"",3,0,1,0,0
924,202604,S92000003,S08000026,Type 1,75 plus,"",Male,"",,:,1,0,1,0,0
925,202604,S92000003,S08000026,Type 1,Under 18,"",Male,"",2,"",11,3,3,0,0
926,202604,S92000003,S08000026,Type 1,Under 18,"",Male,"",3,"",103,21,13,6,1
927,202604,S92000003,S08000026,Type 1,Under 18,"",Male,"",4,"",284,79,28,8,2
928,202604,S92000003,S08000026,Type 1,Under 18,"",Male,"",5,"",3,1,0,0,0
929,202604,S92000003,S08000026,Type 1,Under 18,"",Male,"",,:,0,0,0,0,1
930,202604,S92000003,S08000026,Type 1,"",:,"",:,,:,0,0,0,0,0
931,202604,S92000003,S08000028,Type 1,18-24,"",Female,"",1,"",2,0,0,0,0
932,202604,S92000003,S08000028,Type 1,18-24,"",Female,"",2,"",18,10,5,4,2
933,202604,S92000003,S08000028,Type 1,18-24,"",Female,"",3,"",64,22,1,0,0
934,202604,S92000003,S08000028,Type 1,18-24,"",Female,"",4,"",9,4,2,1,0
935,202604,S92000003,S08000028,Type 1,18-24,"",Female,"",5,"",2,1,0,0,0
936,202604,S92000003,S08000028,Type 1,18-24,"",Female,"",,:,3,0,0,1,0
937,202604,S92000003,S08000028,Type 1,25-39,"",Female,"",2,"",57,17,4,2,3
938,202604,S92000003,S08000028,Type 1,25-39,"",Female,"",3,"",131,29,6,6,7
939,202604,S92000003,S08000028,Type 1,25-39,"",Female,"",4,"",19,4,0,2,1
940,202604,S92000003,S08000028,Type 1,25-39,"",Female,"",5,"",5,1,0,0,0
941,202604,S92000003,S08000028,Type 1,25-39,"",Female,"",,:,8,1,0,0,1
942,202604,S92000003,S08000028,Type 1,40-64,"",Female,"",1,"",5,0,0,0,0
943,202604,S92000003,S08000028,Type 1,40-64,"",Female,"",2,"",101,29,6,4,2
944,202604,S92000003,S08000028,Type 1,40-64,"",Female,"",3,"",282,61,13,4,5
945,202604,S92000003,S08000028,Type 1,40-64,"",Female,"",4,"",44,6,3,0,1
946,202604,S92000003,S08000028,Type 1,40-64,"",Female,"",5,"",10,4,0,0,0
947,202604,S92000003,S08000028,Type 1,40-64,"",Female,"",,:,10,3,0,1,1
948,202604,S92000003,S08000028,Type 1,65-74,"",Female,"",1,"",2,0,0,0,0
949,202604,S92000003,S08000028,Type 1,65-74,"",Female,"",2,"",51,8,1,1,2
950,202604,S92000003,S08000028,Type 1,65-74,"",Female,"",3,"",142,17,3,2,3
951,202604,S92000003,S08000028,Type 1,65-74,"",Female,"",4,"",28,3,1,0,1
952,202604,S92000003,S08000028,Type 1,65-74,"",Female,"",5,"",5,0,0,0,0
953,202604,S92000003,S08000028,Type 1,65-74,"",Female,"",,:,6,0,1,0,0
954,202604,S92000003,S08000028,Type 1,75 plus,"",Female,"",1,"",2,0,0,0,0
955,202604,S92000003,S08000028,Type 1,75 plus,"",Female,"",2,"",67,17,8,3,2
956,202604,S92000003,S08000028,Type 1,75 plus,"",Female,"",3,"",222,48,20,2,3
957,202604,S92000003,S08000028,Type 1,75 plus,"",Female,"",4,"",31,7,1,1,2
958,202604,S92000003,S08000028,Type 1,75 plus,"",Female,"",5,"",4,0,0,0,0
959,202604,S92000003,S08000028,Type 1,75 plus,"",Female,"",,:,14,4,0,1,0
960,202604,S92000003,S08000028,Type 1,Under 18,"",Female,"",2,"",57,16,3,0,0
961,202604,S92000003,S08000028,Type 1,Under 18,"",Female,"",3,"",155,30,9,2,7
962,202604,S92000003,S08000028,Type 1,Under 18,"",Female,"",4,"",21,7,2,2,1
963,202604,S92000003,S08000028,Type 1,Under 18,"",Female,"",5,"",2,0,0,0,0
964,202604,S92000003,S08000028,Type 1,Under 18,"",Female,"",,:,10,3,1,1,0
965,202604,S92000003,S08000028,Type 1,18-24,"",Male,"",1,"",3,1,0,0,0
966,202604,S92000003,S08000028,Type 1,18-24,"",Male,"",2,"",27,7,0,1,1
967,202604,S92000003,S08000028,Type 1,18-24,"",Male,"",3,"",90,14,2,0,1
968,202604,S92000003,S08000028,Type 1,18-24,"",Male,"",4,"",20,2,1,1,0
969,202604,S92000003,S08000028,Type 1,18-24,"",Male,"",5,"",3,0,0,0,0
970,202604,S92000003,S08000028,Type 1,18-24,"",Male,"",,:,2,0,1,1,0
971,202604,S92000003,S08000028,Type 1,25-39,"",Male,"",1,"",5,0,0,0,0
972,202604,S92000003,S08000028,Type 1,25-39,"",Male,"",2,"",49,9,5,3,3
973,202604,S92000003,S08000028,Type 1,25-39,"",Male,"",3,"",161,37,6,2,1
974,202604,S92000003,S08000028,Type 1,25-39,"",Male,"",4,"",31,2,0,0,0
975,202604,S92000003,S08000028,Type 1,25-39,"",Male,"",5,"",7,0,0,0,0
976,202604,S92000003,S08000028,Type 1,25-39,"",Male,"",,:,5,1,0,0,0
977,202604,S92000003,S08000028,Type 1,40-64,"",Male,"",1,"",5,0,0,0,0
978,202604,S92000003,S08000028,Type 1,40-64,"",Male,"",2,"",127,23,14,1,3
979,202604,S92000003,S08000028,Type 1,40-64,"",Male,"",3,"",294,55,14,5,5
980,202604,S92000003,S08000028,Type 1,40-64,"",Male,"",4,"",54,7,1,1,2
981,202604,S92000003,S08000028,Type 1,40-64,"",Male,"",5,"",12,1,0,0,0
982,202604,S92000003,S08000028,Type 1,40-64,"",Male,"",,:,8,1,0,0,0
983,202604,S92000003,S08000028,Type 1,65-74,"",Male,"",2,"",43,16,6,0,1
984,202604,S92000003,S08000028,Type 1,65-74,"",Male,"",3,"",127,29,12,0,3
985,202604,S92000003,S08000028,Type 1,65-74,"",Male,"",4,"",13,4,0,1,1
986,202604,S92000003,S08000028,Type 1,65-74,"",Male,"",5,"",5,0,0,0,0
987,202604,S92000003,S08000028,Type 1,65-74,"",Male,"",,:,5,1,0,0,0
988,202604,S92000003,S08000028,Type 1,75 plus,"",Male,"",2,"",47,19,8,2,3
989,202604,S92000003,S08000028,Type 1,75 plus,"",Male,"",3,"",143,50,17,5,4
990,202604,S92000003,S08000028,Type 1,75 plus,"",Male,"",4,"",14,3,4,0,0
991,202604,S92000003,S08000028,Type 1,75 plus,"",Male,"",5,"",1,0,0,0,0
992,202604,S92000003,S08000028,Type 1,75 plus,"",Male,"",,:,11,2,0,1,0
993,202604,S92000003,S08000028,Type 1,Under 18,"",Male,"",1,"",1,0,0,0,0
994,202604,S92000003,S08000028,Type 1,Under 18,"",Male,"",2,"",76,12,6,1,0
995,202604,S92000003,S08000028,Type 1,Under 18,"",Male,"",3,"",189,55,6,3,1
996,202604,S92000003,S08000028,Type 1,Under 18,"",Male,"",4,"",33,8,2,0,2
997,202604,S92000003,S08000028,Type 1,Under 18,"",Male,"",5,"",5,0,0,0,0
998,202604,S92000003,S08000028,Type 1,Under 18,"",Male,"",,:,21,1,0,0,0
999,202604,S92000003,S08000028,Type 1,"",:,"",:,,:,0,0,0,0,0
1000,202604,S92000003,S08000028,Type 3,18-24,"",Female,"",1,"",1,0,0,0,0
1001,202604,S92000003,S08000028,Type 3,18-24,"",Female,"",2,"",9,1,1,0,0
1002,202604,S92000003,S08000028,Type 3,18-24,"",Female,"",3,"",20,0,2,0,0
1003,202604,S92000003,S08000028,Type 3,18-24,"",Female,"",4,"",1,0,0,0,0
1004,202604,S92000003,S08000028,Type 3,25-39,"",Female,"",1,"",2,0,0,0,0
1005,202604,S92000003,S08000028,Type 3,25-39,"",Female,"",2,"",13,1,1,2,0
1006,202604,S92000003,S08000028,Type 3,25-39,"",Female,"",3,"",39,10,7,2,0
1007,202604,S92000003,S08000028,Type 3,25-39,"",Female,"",4,"",2,2,0,0,0
1008,202604,S92000003,S08000028,Type 3,25-39,"",Female,"",5,"",5,0,0,0,0
1009,202604,S92000003,S08000028,Type 3,25-39,"",Female,"",,:,3,2,0,0,0
1010,202604,S92000003,S08000028,Type 3,40-64,"",Female,"",1,"",1,1,0,0,0
1011,202604,S92000003,S08000028,Type 3,40-64,"",Female,"",2,"",37,11,4,0,1
1012,202604,S92000003,S08000028,Type 3,40-64,"",Female,"",3,"",111,15,10,3,3
1013,202604,S92000003,S08000028,Type 3,40-64,"",Female,"",4,"",4,0,2,0,0
1014,202604,S92000003,S08000028,Type 3,40-64,"",Female,"",5,"",3,1,0,0,0
1015,202604,S92000003,S08000028,Type 3,40-64,"",Female,"",,:,5,0,0,0,0
1016,202604,S92000003,S08000028,Type 3,65-74,"",Female,"",1,"",2,0,0,0,0
1017,202604,S92000003,S08000028,Type 3,65-74,"",Female,"",2,"",23,3,0,0,1
1018,202604,S92000003,S08000028,Type 3,65-74,"",Female,"",3,"",36,11,5,2,2
1019,202604,S92000003,S08000028,Type 3,65-74,"",Female,"",4,"",5,0,0,0,0
1020,202604,S92000003,S08000028,Type 3,65-74,"",Female,"",5,"",4,0,0,0,0
1021,202604,S92000003,S08000028,Type 3,65-74,"",Female,"",,:,3,0,0,0,0
1022,202604,S92000003,S08000028,Type 3,75 plus,"",Female,"",1,"",1,0,0,0,0
1023,202604,S92000003,S08000028,Type 3,75 plus,"",Female,"",2,"",20,4,1,1,0
1024,202604,S92000003,S08000028,Type 3,75 plus,"",Female,"",3,"",54,18,7,4,1
1025,202604,S92000003,S08000028,Type 3,75 plus,"",Female,"",4,"",2,0,0,0,0
1026,202604,S92000003,S08000028,Type 3,75 plus,"",Female,"",5,"",1,1,0,0,0
1027,202604,S92000003,S08000028,Type 3,75 plus,"",Female,"",,:,1,0,0,0,0
1028,202604,S92000003,S08000028,Type 3,Under 18,"",Female,"",2,"",15,6,1,1,0
1029,202604,S92000003,S08000028,Type 3,Under 18,"",Female,"",3,"",51,15,4,0,1
1030,202604,S92000003,S08000028,Type 3,Under 18,"",Female,"",4,"",5,0,0,0,0
1031,202604,S92000003,S08000028,Type 3,Under 18,"",Female,"",5,"",6,0,0,0,0
1032,202604,S92000003,S08000028,Type 3,Under 18,"",Female,"",,:,1,0,0,0,0
1033,202604,S92000003,S08000028,Type 3,18-24,"",Male,"",2,"",13,1,0,0,0
1034,202604,S92000003,S08000028,Type 3,18-24,"",Male,"",3,"",16,10,0,2,0
1035,202604,S92000003,S08000028,Type 3,18-24,"",Male,"",4,"",2,0,0,0,0
1036,202604,S92000003,S08000028,Type 3,25-39,"",Male,"",1,"",3,1,0,0,0
1037,202604,S92000003,S08000028,Type 3,25-39,"",Male,"",2,"",15,4,0,0,0
1038,202604,S92000003,S08000028,Type 3,25-39,"",Male,"",3,"",38,9,5,2,2
1039,202604,S92000003,S08000028,Type 3,25-39,"",Male,"",4,"",4,0,0,0,0
1040,202604,S92000003,S08000028,Type 3,25-39,"",Male,"",5,"",2,0,0,0,0
1041,202604,S92000003,S08000028,Type 3,25-39,"",Male,"",,:,2,0,0,0,0
1042,202604,S92000003,S08000028,Type 3,40-64,"",Male,"",1,"",4,1,0,0,0
1043,202604,S92000003,S08000028,Type 3,40-64,"",Male,"",2,"",32,4,3,1,2
1044,202604,S92000003,S08000028,Type 3,40-64,"",Male,"",3,"",104,17,8,1,3
1045,202604,S92000003,S08000028,Type 3,40-64,"",Male,"",4,"",8,0,0,0,0
1046,202604,S92000003,S08000028,Type 3,40-64,"",Male,"",5,"",7,0,0,0,0
1047,202604,S92000003,S08000028,Type 3,40-64,"",Male,"",,:,2,1,0,0,1
1048,202604,S92000003,S08000028,Type 3,65-74,"",Male,"",1,"",2,0,0,0,0
1049,202604,S92000003,S08000028,Type 3,65-74,"",Male,"",2,"",20,4,1,0,1
1050,202604,S92000003,S08000028,Type 3,65-74,"",Male,"",3,"",40,9,6,2,3
1051,202604,S92000003,S08000028,Type 3,65-74,"",Male,"",4,"",2,1,0,0,0
1052,202604,S92000003,S08000028,Type 3,65-74,"",Male,"",5,"",4,0,0,0,0
1053,202604,S92000003,S08000028,Type 3,75 plus,"",Male,"",1,"",0,1,0,0,0
1054,202604,S92000003,S08000028,Type 3,75 plus,"",Male,"",2,"",11,3,1,1,0
1055,202604,S92000003,S08000028,Type 3,75 plus,"",Male,"",3,"",43,7,3,2,5
1056,202604,S92000003,S08000028,Type 3,75 plus,"",Male,"",4,"",2,1,0,0,0
1057,202604,S92000003,S08000028,Type 3,75 plus,"",Male,"",5,"",1,0,0,0,0
1058,202604,S92000003,S08000028,Type 3,75 plus,"",Male,"",,:,1,0,0,0,0
1059,202604,S92000003,S08000028,Type 3,Under 18,"",Male,"",1,"",1,0,0,0,0
1060,202604,S92000003,S08000028,Type 3,Under 18,"",Male,"",2,"",11,4,2,1,0
1061,202604,S92000003,S08000028,Type 3,Under 18,"",Male,"",3,"",45,15,4,1,0
1062,202604,S92000003,S08000028,Type 3,Under 18,"",Male,"",4,"",1,0,0,0,0
1063,202604,S92000003,S08000028,Type 3,Under 18,"",Male,"",5,"",2,0,0,0,0
1064,202604,S92000003,S08000028,Type 3,Under 18,"",Male,"",,:,0,3,0,0,0
1065,202604,S92000003,S08000028,Type 3,"",:,"",:,,:,0,0,0,0,0
1066,202604,S92000003,S08000029,Type 1,18-24,"",Female,"",1,"",500,144,38,20,27
1067,202604,S92000003,S08000029,Type 1,18-24,"",Female,"",2,"",372,87,31,10,19
1068,202604,S92000003,S08000029,Type 1,18-24,"",Female,"",3,"",268,57,15,4,14
1069,202604,S92000003,S08000029,Type 1,18-24,"",Female,"",4,"",212,36,9,5,4
1070,202604,S92000003,S08000029,Type 1,18-24,"",Female,"",5,"",217,33,8,8,1
1071,202604,S92000003,S08000029,Type 1,18-24,"",Female,"",,:,48,10,7,1,0
1072,202604,S92000003,S08000029,Type 1,25-39,"",Female,"",1,"",1048,309,95,45,53
1073,202604,S92000003,S08000029,Type 1,25-39,"",Female,"",2,"",888,180,74,26,26
1074,202604,S92000003,S08000029,Type 1,25-39,"",Female,"",3,"",683,127,42,12,15
1075,202604,S92000003,S08000029,Type 1,25-39,"",Female,"",4,"",430,82,19,5,6
1076,202604,S92000003,S08000029,Type 1,25-39,"",Female,"",5,"",370,60,14,2,5
1077,202604,S92000003,S08000029,Type 1,25-39,"",Female,"",,:,164,33,6,8,5
1078,202604,S92000003,S08000029,Type 1,40-64,"",Female,"",1,"",1525,322,92,35,54
1079,202604,S92000003,S08000029,Type 1,40-64,"",Female,"",2,"",1351,283,65,21,39
1080,202604,S92000003,S08000029,Type 1,40-64,"",Female,"",3,"",1156,187,47,15,16
1081,202604,S92000003,S08000029,Type 1,40-64,"",Female,"",4,"",774,124,27,7,7
1082,202604,S92000003,S08000029,Type 1,40-64,"",Female,"",5,"",787,116,20,2,8
1083,202604,S92000003,S08000029,Type 1,40-64,"",Female,"",,:,162,22,2,3,3
1084,202604,S92000003,S08000029,Type 1,65-74,"",Female,"",1,"",487,97,33,2,7
1085,202604,S92000003,S08000029,Type 1,65-74,"",Female,"",2,"",563,110,26,10,7
1086,202604,S92000003,S08000029,Type 1,65-74,"",Female,"",3,"",451,66,18,9,3
1087,202604,S92000003,S08000029,Type 1,65-74,"",Female,"",4,"",376,54,6,4,6
1088,202604,S92000003,S08000029,Type 1,65-74,"",Female,"",5,"",335,57,12,5,1
1089,202604,S92000003,S08000029,Type 1,65-74,"",Female,"",,:,44,2,2,0,0
1090,202604,S92000003,S08000029,Type 1,75 plus,"",Female,"",1,"",626,167,49,23,8
1091,202604,S92000003,S08000029,Type 1,75 plus,"",Female,"",2,"",798,199,55,16,15
1092,202604,S92000003,S08000029,Type 1,75 plus,"",Female,"",3,"",680,141,42,11,10
1093,202604,S92000003,S08000029,Type 1,75 plus,"",Female,"",4,"",594,117,28,11,7
1094,202604,S92000003,S08000029,Type 1,75 plus,"",Female,"",5,"",670,150,33,14,4
1095,202604,S92000003,S08000029,Type 1,75 plus,"",Female,"",,:,33,7,2,1,1
1096,202604,S92000003,S08000029,Type 1,Under 18,"",Female,"",1,"",1135,257,82,19,17
1097,202604,S92000003,S08000029,Type 1,Under 18,"",Female,"",2,"",888,194,54,10,23
1098,202604,S92000003,S08000029,Type 1,Under 18,"",Female,"",3,"",677,121,21,11,8
1099,202604,S92000003,S08000029,Type 1,Under 18,"",Female,"",4,"",493,74,21,4,1
1100,202604,S92000003,S08000029,Type 1,Under 18,"",Female,"",5,"",481,61,22,2,6
1101,202604,S92000003,S08000029,Type 1,Under 18,"",Female,"",,:,182,35,14,1,2
1102,202604,S92000003,S08000029,Type 1,18-24,"",Male,"",1,"",442,96,29,15,8
1103,202604,S92000003,S08000029,Type 1,18-24,"",Male,"",2,"",396,86,28,10,9
1104,202604,S92000003,S08000029,Type 1,18-24,"",Male,"",3,"",314,56,15,5,6
1105,202604,S92000003,S08000029,Type 1,18-24,"",Male,"",4,"",206,40,6,1,2
1106,202604,S92000003,S08000029,Type 1,18-24,"",Male,"",5,"",240,27,4,2,3
1107,202604,S92000003,S08000029,Type 1,18-24,"",Male,"",,:,51,6,1,1,0
1108,202604,S92000003,S08000029,Type 1,25-39,"",Male,"",1,"",1178,229,84,33,33
1109,202604,S92000003,S08000029,Type 1,25-39,"",Male,"",2,"",869,181,47,18,21
1110,202604,S92000003,S08000029,Type 1,25-39,"",Male,"",3,"",664,118,43,17,10
1111,202604,S92000003,S08000029,Type 1,25-39,"",Male,"",4,"",460,60,13,4,6
1112,202604,S92000003,S08000029,Type 1,25-39,"",Male,"",5,"",385,50,12,3,2
1113,202604,S92000003,S08000029,Type 1,25-39,"",Male,"",,:,144,15,6,1,1
1114,202604,S92000003,S08000029,Type 1,40-64,"",Male,"",1,"",1535,328,114,34,48
1115,202604,S92000003,S08000029,Type 1,40-64,"",Male,"",2,"",1339,292,61,27,27
1116,202604,S92000003,S08000029,Type 1,40-64,"",Male,"",3,"",1054,167,44,16,21
1117,202604,S92000003,S08000029,Type 1,40-64,"",Male,"",4,"",740,113,22,11,10
1118,202604,S92000003,S08000029,Type 1,40-64,"",Male,"",5,"",770,97,26,12,6
1119,202604,S92000003,S08000029,Type 1,40-64,"",Male,"",,:,156,19,7,2,4
1120,202604,S92000003,S08000029,Type 1,65-74,"",Male,"",1,"",475,109,37,8,8
1121,202604,S92000003,S08000029,Type 1,65-74,"",Male,"",2,"",490,96,33,10,7
1122,202604,S92000003,S08000029,Type 1,65-74,"",Male,"",3,"",435,84,13,10,8
1123,202604,S92000003,S08000029,Type 1,65-74,"",Male,"",4,"",356,58,14,5,5
1124,202604,S92000003,S08000029,Type 1,65-74,"",Male,"",5,"",314,57,13,3,3
1125,202604,S92000003,S08000029,Type 1,65-74,"",Male,"",,:,36,6,2,1,0
1126,202604,S92000003,S08000029,Type 1,75 plus,"",Male,"",1,"",501,125,34,11,11
1127,202604,S92000003,S08000029,Type 1,75 plus,"",Male,"",2,"",633,166,50,14,15
1128,202604,S92000003,S08000029,Type 1,75 plus,"",Male,"",3,"",540,131,36,8,8
1129,202604,S92000003,S08000029,Type 1,75 plus,"",Male,"",4,"",448,90,35,11,10
1130,202604,S92000003,S08000029,Type 1,75 plus,"",Male,"",5,"",520,117,34,6,6
1131,202604,S92000003,S08000029,Type 1,75 plus,"",Male,"",,:,34,4,1,0,0
1132,202604,S92000003,S08000029,Type 1,Under 18,"",Male,"",1,"",1377,308,89,35,21
1133,202604,S92000003,S08000029,Type 1,Under 18,"",Male,"",2,"",1016,211,51,23,10
1134,202604,S92000003,S08000029,Type 1,Under 18,"",Male,"",3,"",835,144,41,11,14
1135,202604,S92000003,S08000029,Type 1,Under 18,"",Male,"",4,"",658,98,19,10,4
1136,202604,S92000003,S08000029,Type 1,Under 18,"",Male,"",5,"",658,114,26,1,3
1137,202604,S92000003,S08000029,Type 1,Under 18,"",Male,"",,:,232,44,9,5,1
1138,202604,S92000003,S08000029,Type 1,"",:,"",:,,:,0,0,0,0,0
1139,202604,S92000003,S08000029,Type 3,18-24,"",Female,"",1,"",120,13,2,1,0
1140,202604,S92000003,S08000029,Type 3,18-24,"",Female,"",2,"",149,13,2,0,0
1141,202604,S92000003,S08000029,Type 3,18-24,"",Female,"",3,"",130,15,2,0,1
1142,202604,S92000003,S08000029,Type 3,18-24,"",Female,"",4,"",124,10,2,0,0
1143,202604,S92000003,S08000029,Type 3,18-24,"",Female,"",5,"",318,22,3,0,1
1144,202604,S92000003,S08000029,Type 3,18-24,"",Female,"",,:,17,3,0,0,0
1145,202604,S92000003,S08000029,Type 3,25-39,"",Female,"",1,"",340,30,2,1,1
1146,202604,S92000003,S08000029,Type 3,25-39,"",Female,"",2,"",353,37,4,2,0
1147,202604,S92000003,S08000029,Type 3,25-39,"",Female,"",3,"",355,32,4,1,0
1148,202604,S92000003,S08000029,Type 3,25-39,"",Female,"",4,"",251,19,3,0,0
1149,202604,S92000003,S08000029,Type 3,25-39,"",Female,"",5,"",286,24,4,1,0
1150,202604,S92000003,S08000029,Type 3,25-39,"",Female,"",,:,57,4,1,0,0
1151,202604,S92000003,S08000029,Type 3,40-64,"",Female,"",1,"",426,40,6,2,1
1152,202604,S92000003,S08000029,Type 3,40-64,"",Female,"",2,"",505,34,5,2,0
1153,202604,S92000003,S08000029,Type 3,40-64,"",Female,"",3,"",621,62,13,0,0
1154,202604,S92000003,S08000029,Type 3,40-64,"",Female,"",4,"",591,51,9,1,0
1155,202604,S92000003,S08000029,Type 3,40-64,"",Female,"",5,"",641,54,7,3,0
1156,202604,S92000003,S08000029,Type 3,40-64,"",Female,"",,:,69,6,0,0,0
1157,202604,S92000003,S08000029,Type 3,65-74,"",Female,"",1,"",103,10,1,0,0
1158,202604,S92000003,S08000029,Type 3,65-74,"",Female,"",2,"",141,7,3,0,0
1159,202604,S92000003,S08000029,Type 3,65-74,"",Female,"",3,"",203,26,2,0,0
1160,202604,S92000003,S08000029,Type 3,65-74,"",Female,"",4,"",230,26,3,0,0
1161,202604,S92000003,S08000029,Type 3,65-74,"",Female,"",5,"",248,16,0,0,0
1162,202604,S92000003,S08000029,Type 3,65-74,"",Female,"",,:,25,2,0,0,0
1163,202604,S92000003,S08000029,Type 3,75 plus,"",Female,"",1,"",66,12,0,0,0
1164,202604,S92000003,S08000029,Type 3,75 plus,"",Female,"",2,"",147,17,2,1,0
1165,202604,S92000003,S08000029,Type 3,75 plus,"",Female,"",3,"",201,15,1,1,0
1166,202604,S92000003,S08000029,Type 3,75 plus,"",Female,"",4,"",212,18,3,1,0
1167,202604,S92000003,S08000029,Type 3,75 plus,"",Female,"",5,"",317,42,4,0,0
1168,202604,S92000003,S08000029,Type 3,75 plus,"",Female,"",,:,16,1,2,0,0
1169,202604,S92000003,S08000029,Type 3,Under 18,"",Female,"",1,"",365,64,7,2,0
1170,202604,S92000003,S08000029,Type 3,Under 18,"",Female,"",2,"",381,52,12,4,1
1171,202604,S92000003,S08000029,Type 3,Under 18,"",Female,"",3,"",429,56,12,4,1
1172,202604,S92000003,S08000029,Type 3,Under 18,"",Female,"",4,"",424,65,5,3,2
1173,202604,S92000003,S08000029,Type 3,Under 18,"",Female,"",5,"",481,50,11,2,2
1174,202604,S92000003,S08000029,Type 3,Under 18,"",Female,"",,:,70,10,1,0,0
1175,202604,S92000003,S08000029,Type 3,18-24,"",Male,"",1,"",164,16,1,0,1
1176,202604,S92000003,S08000029,Type 3,18-24,"",Male,"",2,"",177,20,2,0,0
1177,202604,S92000003,S08000029,Type 3,18-24,"",Male,"",3,"",173,16,3,0,0
1178,202604,S92000003,S08000029,Type 3,18-24,"",Male,"",4,"",161,17,4,0,0
1179,202604,S92000003,S08000029,Type 3,18-24,"",Male,"",5,"",310,36,4,1,0
1180,202604,S92000003,S08000029,Type 3,18-24,"",Male,"",,:,29,2,0,0,0
1181,202604,S92000003,S08000029,Type 3,25-39,"",Male,"",1,"",343,36,2,1,0
1182,202604,S92000003,S08000029,Type 3,25-39,"",Male,"",2,"",361,33,9,2,1
1183,202604,S92000003,S08000029,Type 3,25-39,"",Male,"",3,"",372,37,5,1,0
1184,202604,S92000003,S08000029,Type 3,25-39,"",Male,"",4,"",312,29,6,0,0
1185,202604,S92000003,S08000029,Type 3,25-39,"",Male,"",5,"",297,23,3,0,0
1186,202604,S92000003,S08000029,Type 3,25-39,"",Male,"",,:,53,9,1,0,0
1187,202604,S92000003,S08000029,Type 3,40-64,"",Male,"",1,"",368,36,4,1,1
1188,202604,S92000003,S08000029,Type 3,40-64,"",Male,"",2,"",454,57,4,1,1
1189,202604,S92000003,S08000029,Type 3,40-64,"",Male,"",3,"",500,55,6,0,2
1190,202604,S92000003,S08000029,Type 3,40-64,"",Male,"",4,"",491,59,4,0,0
1191,202604,S92000003,S08000029,Type 3,40-64,"",Male,"",5,"",514,54,3,4,0
1192,202604,S92000003,S08000029,Type 3,40-64,"",Male,"",,:,64,4,0,0,0
1193,202604,S92000003,S08000029,Type 3,65-74,"",Male,"",1,"",79,7,0,0,0
1194,202604,S92000003,S08000029,Type 3,65-74,"",Male,"",2,"",112,8,2,0,0
1195,202604,S92000003,S08000029,Type 3,65-74,"",Male,"",3,"",147,12,3,0,0
1196,202604,S92000003,S08000029,Type 3,65-74,"",Male,"",4,"",156,18,2,0,0
1197,202604,S92000003,S08000029,Type 3,65-74,"",Male,"",5,"",178,26,0,1,0
1198,202604,S92000003,S08000029,Type 3,65-74,"",Male,"",,:,10,0,0,0,0
1199,202604,S92000003,S08000029,Type 3,75 plus,"",Male,"",1,"",50,2,0,2,0
1200,202604,S92000003,S08000029,Type 3,75 plus,"",Male,"",2,"",87,9,1,0,1
1201,202604,S92000003,S08000029,Type 3,75 plus,"",Male,"",3,"",133,24,8,2,0
1202,202604,S92000003,S08000029,Type 3,75 plus,"",Male,"",4,"",158,23,1,2,0
1203,202604,S92000003,S08000029,Type 3,75 plus,"",Male,"",5,"",230,23,2,0,0
1204,202604,S92000003,S08000029,Type 3,75 plus,"",Male,"",,:,9,2,0,0,0
1205,202604,S92000003,S08000029,Type 3,Under 18,"",Male,"",1,"",456,61,16,0,0
1206,202604,S92000003,S08000029,Type 3,Under 18,"",Male,"",2,"",514,76,14,0,0
1207,202604,S92000003,S08000029,Type 3,Under 18,"",Male,"",3,"",545,85,17,4,0
1208,202604,S92000003,S08000029,Type 3,Under 18,"",Male,"",4,"",590,90,16,2,2
1209,202604,S92000003,S08000029,Type 3,Under 18,"",Male,"",5,"",663,106,14,6,0
1210,202604,S92000003,S08000029,Type 3,Under 18,"",Male,"",,:,96,9,1,0,0
1211,202604,S92000003,S08000029,Type 3,"",:,"",:,,:,0,0,0,0,0
1212,202604,S92000003,S08000030,Type 1,18-24,"",Female,"",1,"",575,128,32,16,18
1213,202604,S92000003,S08000030,Type 1,18-24,"",Female,"",2,"",488,92,29,8,23
1214,202604,S92000003,S08000030,Type 1,18-24,"",Female,"",3,"",452,89,18,13,12
1215,202604,S92000003,S08000030,Type 1,18-24,"",Female,"",4,"",640,121,17,13,15
1216,202604,S92000003,S08000030,Type 1,18-24,"",Female,"",5,"",590,61,16,7,7
1217,202604,S92000003,S08000030,Type 1,18-24,"",Female,"",,:,117,15,3,0,0
1218,202604,S92000003,S08000030,Type 1,25-39,"",Female,"",1,"",1207,241,79,23,39
1219,202604,S92000003,S08000030,Type 1,25-39,"",Female,"",2,"",881,180,39,12,18
1220,202604,S92000003,S08000030,Type 1,25-39,"",Female,"",3,"",800,129,51,12,16
1221,202604,S92000003,S08000030,Type 1,25-39,"",Female,"",4,"",979,138,37,19,16
1222,202604,S92000003,S08000030,Type 1,25-39,"",Female,"",5,"",519,55,13,3,7
1223,202604,S92000003,S08000030,Type 1,25-39,"",Female,"",,:,290,37,13,3,6
1224,202604,S92000003,S08000030,Type 1,40-64,"",Female,"",1,"",1460,251,78,26,34
1225,202604,S92000003,S08000030,Type 1,40-64,"",Female,"",2,"",1107,198,49,16,25
1226,202604,S92000003,S08000030,Type 1,40-64,"",Female,"",3,"",1452,226,37,21,8
1227,202604,S92000003,S08000030,Type 1,40-64,"",Female,"",4,"",1895,281,57,16,8
1228,202604,S92000003,S08000030,Type 1,40-64,"",Female,"",5,"",1099,131,28,4,7
1229,202604,S92000003,S08000030,Type 1,40-64,"",Female,"",,:,338,31,9,1,1
1230,202604,S92000003,S08000030,Type 1,65-74,"",Female,"",1,"",427,70,20,5,5
1231,202604,S92000003,S08000030,Type 1,65-74,"",Female,"",2,"",378,73,20,4,1
1232,202604,S92000003,S08000030,Type 1,65-74,"",Female,"",3,"",587,105,19,11,4
1233,202604,S92000003,S08000030,Type 1,65-74,"",Female,"",4,"",791,122,17,3,2
1234,202604,S92000003,S08000030,Type 1,65-74,"",Female,"",5,"",516,71,19,2,5
1235,202604,S92000003,S08000030,Type 1,65-74,"",Female,"",,:,121,7,1,0,0
1236,202604,S92000003,S08000030,Type 1,75 plus,"",Female,"",1,"",466,101,31,13,5
1237,202604,S92000003,S08000030,Type 1,75 plus,"",Female,"",2,"",532,123,24,12,2
1238,202604,S92000003,S08000030,Type 1,75 plus,"",Female,"",3,"",996,200,47,8,8
1239,202604,S92000003,S08000030,Type 1,75 plus,"",Female,"",4,"",1356,236,54,15,4
1240,202604,S92000003,S08000030,Type 1,75 plus,"",Female,"",5,"",1056,181,36,7,5
1241,202604,S92000003,S08000030,Type 1,75 plus,"",Female,"",,:,103,6,2,0,1
1242,202604,S92000003,S08000030,Type 1,Under 18,"",Female,"",1,"",1202,239,77,20,17
1243,202604,S92000003,S08000030,Type 1,Under 18,"",Female,"",2,"",768,180,46,17,11
1244,202604,S92000003,S08000030,Type 1,Under 18,"",Female,"",3,"",895,139,43,9,16
1245,202604,S92000003,S08000030,Type 1,Under 18,"",Female,"",4,"",1291,215,53,13,10
1246,202604,S92000003,S08000030,Type 1,Under 18,"",Female,"",5,"",744,125,16,9,3
1247,202604,S92000003,S08000030,Type 1,Under 18,"",Female,"",,:,340,58,15,5,6
1248,202604,S92000003,S08000030,Type 1,18-24,"",Male,"",1,"",569,126,27,15,17
1249,202604,S92000003,S08000030,Type 1,18-24,"",Male,"",2,"",450,99,19,5,8
1250,202604,S92000003,S08000030,Type 1,18-24,"",Male,"",3,"",512,60,21,8,4
1251,202604,S92000003,S08000030,Type 1,18-24,"",Male,"",4,"",682,109,17,9,2
1252,202604,S92000003,S08000030,Type 1,18-24,"",Male,"",5,"",529,103,16,4,2
1253,202604,S92000003,S08000030,Type 1,18-24,"",Male,"",,:,119,13,3,3,0
1254,202604,S92000003,S08000030,Type 1,25-39,"",Male,"",1,"",1332,272,71,19,43
1255,202604,S92000003,S08000030,Type 1,25-39,"",Male,"",2,"",1038,173,50,16,29
1256,202604,S92000003,S08000030,Type 1,25-39,"",Male,"",3,"",984,161,36,10,11
1257,202604,S92000003,S08000030,Type 1,25-39,"",Male,"",4,"",1082,141,32,13,6
1258,202604,S92000003,S08000030,Type 1,25-39,"",Male,"",5,"",582,90,16,5,1
1259,202604,S92000003,S08000030,Type 1,25-39,"",Male,"",,:,282,34,11,1,2
1260,202604,S92000003,S08000030,Type 1,40-64,"",Male,"",1,"",1514,339,80,33,67
1261,202604,S92000003,S08000030,Type 1,40-64,"",Male,"",2,"",1221,216,66,29,24
1262,202604,S92000003,S08000030,Type 1,40-64,"",Male,"",3,"",1494,237,63,17,26
1263,202604,S92000003,S08000030,Type 1,40-64,"",Male,"",4,"",1788,254,61,14,25
1264,202604,S92000003,S08000030,Type 1,40-64,"",Male,"",5,"",1050,128,29,12,7
1265,202604,S92000003,S08000030,Type 1,40-64,"",Male,"",,:,322,26,10,3,4
1266,202604,S92000003,S08000030,Type 1,65-74,"",Male,"",1,"",408,88,23,13,8
1267,202604,S92000003,S08000030,Type 1,65-74,"",Male,"",2,"",370,63,20,7,8
1268,202604,S92000003,S08000030,Type 1,65-74,"",Male,"",3,"",642,96,30,9,2
1269,202604,S92000003,S08000030,Type 1,65-74,"",Male,"",4,"",816,107,27,7,2
1270,202604,S92000003,S08000030,Type 1,65-74,"",Male,"",5,"",506,77,18,3,5
1271,202604,S92000003,S08000030,Type 1,65-74,"",Male,"",,:,113,4,0,2,1
1272,202604,S92000003,S08000030,Type 1,75 plus,"",Male,"",1,"",339,71,23,5,5
1273,202604,S92000003,S08000030,Type 1,75 plus,"",Male,"",2,"",399,70,16,8,6
1274,202604,S92000003,S08000030,Type 1,75 plus,"",Male,"",3,"",807,175,40,7,6
1275,202604,S92000003,S08000030,Type 1,75 plus,"",Male,"",4,"",1026,203,48,15,6
1276,202604,S92000003,S08000030,Type 1,75 plus,"",Male,"",5,"",786,136,31,9,5
1277,202604,S92000003,S08000030,Type 1,75 plus,"",Male,"",,:,82,6,2,0,0
1278,202604,S92000003,S08000030,Type 1,Under 18,"",Male,"",1,"",1336,307,83,19,20
1279,202604,S92000003,S08000030,Type 1,Under 18,"",Male,"",2,"",938,206,45,13,8
1280,202604,S92000003,S08000030,Type 1,Under 18,"",Male,"",3,"",1120,202,52,13,6
1281,202604,S92000003,S08000030,Type 1,Under 18,"",Male,"",4,"",1520,278,71,23,4
1282,202604,S92000003,S08000030,Type 1,Under 18,"",Male,"",5,"",1004,170,36,8,4
1283,202604,S92000003,S08000030,Type 1,Under 18,"",Male,"",,:,415,68,22,7,1
1284,202604,S92000003,S08000030,Type 1,"",:,"",:,,:,0,0,0,1,0
1285,202604,S92000003,S08000030,Type 3,18-24,"",Female,"",1,"",26,5,2,0,0
1286,202604,S92000003,S08000030,Type 3,18-24,"",Female,"",2,"",40,4,0,0,0
1287,202604,S92000003,S08000030,Type 3,18-24,"",Female,"",3,"",57,13,0,1,0
1288,202604,S92000003,S08000030,Type 3,18-24,"",Female,"",4,"",44,2,0,0,0
1289,202604,S92000003,S08000030,Type 3,18-24,"",Female,"",5,"",33,1,0,0,0
1290,202604,S92000003,S08000030,Type 3,18-24,"",Female,"",,:,4,0,1,0,0
1291,202604,S92000003,S08000030,Type 3,25-39,"",Female,"",1,"",51,6,2,2,1
1292,202604,S92000003,S08000030,Type 3,25-39,"",Female,"",2,"",129,18,3,0,0
1293,202604,S92000003,S08000030,Type 3,25-39,"",Female,"",3,"",137,25,3,0,0
1294,202604,S92000003,S08000030,Type 3,25-39,"",Female,"",4,"",86,9,2,0,0
1295,202604,S92000003,S08000030,Type 3,25-39,"",Female,"",5,"",52,5,1,0,1
1296,202604,S92000003,S08000030,Type 3,25-39,"",Female,"",,:,26,5,0,0,0
1297,202604,S92000003,S08000030,Type 3,40-64,"",Female,"",1,"",90,11,3,0,0
1298,202604,S92000003,S08000030,Type 3,40-64,"",Female,"",2,"",171,19,2,0,0
1299,202604,S92000003,S08000030,Type 3,40-64,"",Female,"",3,"",285,50,6,2,0
1300,202604,S92000003,S08000030,Type 3,40-64,"",Female,"",4,"",199,22,3,0,0
1301,202604,S92000003,S08000030,Type 3,40-64,"",Female,"",5,"",120,14,5,1,0
1302,202604,S92000003,S08000030,Type 3,40-64,"",Female,"",,:,29,4,1,0,0
1303,202604,S92000003,S08000030,Type 3,65-74,"",Female,"",1,"",26,3,1,1,0
1304,202604,S92000003,S08000030,Type 3,65-74,"",Female,"",2,"",55,10,1,0,0
1305,202604,S92000003,S08000030,Type 3,65-74,"",Female,"",3,"",112,11,4,0,0
1306,202604,S92000003,S08000030,Type 3,65-74,"",Female,"",4,"",84,3,5,0,0
1307,202604,S92000003,S08000030,Type 3,65-74,"",Female,"",5,"",58,5,3,0,0
1308,202604,S92000003,S08000030,Type 3,65-74,"",Female,"",,:,4,2,0,0,0
1309,202604,S92000003,S08000030,Type 3,75 plus,"",Female,"",1,"",25,4,0,0,0
1310,202604,S92000003,S08000030,Type 3,75 plus,"",Female,"",2,"",78,11,1,0,0
1311,202604,S92000003,S08000030,Type 3,75 plus,"",Female,"",3,"",138,28,5,0,1
1312,202604,S92000003,S08000030,Type 3,75 plus,"",Female,"",4,"",129,18,1,1,0
1313,202604,S92000003,S08000030,Type 3,75 plus,"",Female,"",5,"",76,4,0,0,0
1314,202604,S92000003,S08000030,Type 3,75 plus,"",Female,"",,:,3,0,0,0,0
1315,202604,S92000003,S08000030,Type 3,Under 18,"",Female,"",1,"",82,15,3,0,0
1316,202604,S92000003,S08000030,Type 3,Under 18,"",Female,"",2,"",133,35,4,0,0
1317,202604,S92000003,S08000030,Type 3,Under 18,"",Female,"",3,"",220,27,6,3,0
1318,202604,S92000003,S08000030,Type 3,Under 18,"",Female,"",4,"",138,21,3,0,0
1319,202604,S92000003,S08000030,Type 3,Under 18,"",Female,"",5,"",96,11,4,0,0
1320,202604,S92000003,S08000030,Type 3,Under 18,"",Female,"",,:,16,3,0,0,0
1321,202604,S92000003,S08000030,Type 3,18-24,"",Male,"",1,"",31,9,1,0,0
1322,202604,S92000003,S08000030,Type 3,18-24,"",Male,"",2,"",55,6,3,0,0
1323,202604,S92000003,S08000030,Type 3,18-24,"",Male,"",3,"",82,18,0,0,0
1324,202604,S92000003,S08000030,Type 3,18-24,"",Male,"",4,"",47,10,1,0,0
1325,202604,S92000003,S08000030,Type 3,18-24,"",Male,"",5,"",39,6,1,0,0
1326,202604,S92000003,S08000030,Type 3,18-24,"",Male,"",,:,10,2,0,0,0
1327,202604,S92000003,S08000030,Type 3,25-39,"",Male,"",1,"",59,6,1,0,0
1328,202604,S92000003,S08000030,Type 3,25-39,"",Male,"",2,"",134,20,1,0,0
1329,202604,S92000003,S08000030,Type 3,25-39,"",Male,"",3,"",150,27,2,0,0
1330,202604,S92000003,S08000030,Type 3,25-39,"",Male,"",4,"",103,8,4,0,0
1331,202604,S92000003,S08000030,Type 3,25-39,"",Male,"",5,"",61,6,1,0,0
1332,202604,S92000003,S08000030,Type 3,25-39,"",Male,"",,:,12,0,0,0,0
1333,202604,S92000003,S08000030,Type 3,40-64,"",Male,"",1,"",87,14,4,0,2
1334,202604,S92000003,S08000030,Type 3,40-64,"",Male,"",2,"",170,19,0,0,0
1335,202604,S92000003,S08000030,Type 3,40-64,"",Male,"",3,"",260,35,7,1,1
1336,202604,S92000003,S08000030,Type 3,40-64,"",Male,"",4,"",168,20,4,0,0
1337,202604,S92000003,S08000030,Type 3,40-64,"",Male,"",5,"",116,8,0,0,0
1338,202604,S92000003,S08000030,Type 3,40-64,"",Male,"",,:,16,3,0,0,0
1339,202604,S92000003,S08000030,Type 3,65-74,"",Male,"",1,"",17,4,1,0,0
1340,202604,S92000003,S08000030,Type 3,65-74,"",Male,"",2,"",45,4,0,0,0
1341,202604,S92000003,S08000030,Type 3,65-74,"",Male,"",3,"",89,11,2,0,1
1342,202604,S92000003,S08000030,Type 3,65-74,"",Male,"",4,"",55,5,0,0,0
1343,202604,S92000003,S08000030,Type 3,65-74,"",Male,"",5,"",45,2,0,0,0
1344,202604,S92000003,S08000030,Type 3,65-74,"",Male,"",,:,8,0,1,0,0
1345,202604,S92000003,S08000030,Type 3,75 plus,"",Male,"",1,"",19,4,1,0,0
1346,202604,S92000003,S08000030,Type 3,75 plus,"",Male,"",2,"",62,9,2,1,0
1347,202604,S92000003,S08000030,Type 3,75 plus,"",Male,"",3,"",112,24,2,0,0
1348,202604,S92000003,S08000030,Type 3,75 plus,"",Male,"",4,"",110,19,2,1,0
1349,202604,S92000003,S08000030,Type 3,75 plus,"",Male,"",5,"",65,13,1,1,0
1350,202604,S92000003,S08000030,Type 3,75 plus,"",Male,"",,:,2,0,0,0,0
1351,202604,S92000003,S08000030,Type 3,Under 18,"",Male,"",1,"",98,18,5,0,0
1352,202604,S92000003,S08000030,Type 3,Under 18,"",Male,"",2,"",181,15,3,3,0
1353,202604,S92000003,S08000030,Type 3,Under 18,"",Male,"",3,"",277,49,8,2,2
1354,202604,S92000003,S08000030,Type 3,Under 18,"",Male,"",4,"",172,25,4,0,1
1355,202604,S92000003,S08000030,Type 3,Under 18,"",Male,"",5,"",142,13,6,1,0
1356,202604,S92000003,S08000030,Type 3,Under 18,"",Male,"",,:,28,3,1,0,0
1357,202604,S92000003,S08000030,Type 3,"",:,"",:,,:,0,0,0,0,0
1358,202604,S92000003,S08000031,Type 1,18-24,"",Female,"",1,"",3160,875,264,107,128
1359,202604,S92000003,S08000031,Type 1,18-24,"",Female,"",2,"",1518,329,86,33,50
1360,202604,S92000003,S08000031,Type 1,18-24,"",Female,"",3,"",1219,245,53,26,29
1361,202604,S92000003,S08000031,Type 1,18-24,"",Female,"",4,"",1088,197,45,10,15
1362,202604,S92000003,S08000031,Type 1,18-24,"",Female,"",5,"",1126,154,39,10,5
1363,202604,S92000003,S08000031,Type 1,18-24,"",Female,"",,:,358,65,11,1,3
1364,202604,S92000003,S08000031,Type 1,25-39,"",Female,"",1,"",7805,1900,637,197,275
1365,202604,S92000003,S08000031,Type 1,25-39,"",Female,"",2,"",3247,612,186,66,63
1366,202604,S92000003,S08000031,Type 1,25-39,"",Female,"",3,"",2274,429,106,39,47
1367,202604,S92000003,S08000031,Type 1,25-39,"",Female,"",4,"",1956,302,80,26,24
1368,202604,S92000003,S08000031,Type 1,25-39,"",Female,"",5,"",1821,261,59,22,19
1369,202604,S92000003,S08000031,Type 1,25-39,"",Female,"",,:,972,151,41,8,19
1370,202604,S92000003,S08000031,Type 1,40-64,"",Female,"",1,"",9691,2236,679,263,367
1371,202604,S92000003,S08000031,Type 1,40-64,"",Female,"",2,"",4170,790,206,92,90
1372,202604,S92000003,S08000031,Type 1,40-64,"",Female,"",3,"",2977,526,139,60,48
1373,202604,S92000003,S08000031,Type 1,40-64,"",Female,"",4,"",2782,438,100,37,25
1374,202604,S92000003,S08000031,Type 1,40-64,"",Female,"",5,"",3057,442,78,27,22
1375,202604,S92000003,S08000031,Type 1,40-64,"",Female,"",,:,719,136,22,13,17
1376,202604,S92000003,S08000031,Type 1,65-74,"",Female,"",1,"",3125,754,222,103,74
1377,202604,S92000003,S08000031,Type 1,65-74,"",Female,"",2,"",1566,329,119,29,29
1378,202604,S92000003,S08000031,Type 1,65-74,"",Female,"",3,"",1233,225,65,20,23
1379,202604,S92000003,S08000031,Type 1,65-74,"",Female,"",4,"",1197,233,64,23,17
1380,202604,S92000003,S08000031,Type 1,65-74,"",Female,"",5,"",1415,238,60,13,11
1381,202604,S92000003,S08000031,Type 1,65-74,"",Female,"",,:,228,24,6,3,0
1382,202604,S92000003,S08000031,Type 1,75 plus,"",Female,"",1,"",3561,1076,392,135,107
1383,202604,S92000003,S08000031,Type 1,75 plus,"",Female,"",2,"",2149,545,177,58,36
1384,202604,S92000003,S08000031,Type 1,75 plus,"",Female,"",3,"",1809,453,158,47,17
1385,202604,S92000003,S08000031,Type 1,75 plus,"",Female,"",4,"",1934,454,148,37,38
1386,202604,S92000003,S08000031,Type 1,75 plus,"",Female,"",5,"",2483,583,166,47,31
1387,202604,S92000003,S08000031,Type 1,75 plus,"",Female,"",,:,202,32,5,5,3
1388,202604,S92000003,S08000031,Type 1,Under 18,"",Female,"",1,"",7683,2156,800,293,282
1389,202604,S92000003,S08000031,Type 1,Under 18,"",Female,"",2,"",3226,832,293,127,104
1390,202604,S92000003,S08000031,Type 1,Under 18,"",Female,"",3,"",2196,555,175,78,74
1391,202604,S92000003,S08000031,Type 1,Under 18,"",Female,"",4,"",2386,566,179,66,60
1392,202604,S92000003,S08000031,Type 1,Under 18,"",Female,"",5,"",2783,622,174,53,51
1393,202604,S92000003,S08000031,Type 1,Under 18,"",Female,"",,:,1138,302,89,41,30
1394,202604,S92000003,S08000031,Type 1,18-24,"",Male,"",1,"",3104,675,204,63,58
1395,202604,S92000003,S08000031,Type 1,18-24,"",Male,"",2,"",1361,275,70,23,18
1396,202604,S92000003,S08000031,Type 1,18-24,"",Male,"",3,"",1162,208,57,9,12
1397,202604,S92000003,S08000031,Type 1,18-24,"",Male,"",4,"",943,186,30,11,8
1398,202604,S92000003,S08000031,Type 1,18-24,"",Male,"",5,"",1164,165,30,10,5
1399,202604,S92000003,S08000031,Type 1,18-24,"",Male,"",,:,307,42,15,3,1
1400,202604,S92000003,S08000031,Type 1,25-39,"",Male,"",1,"",7635,1750,548,209,292
1401,202604,S92000003,S08000031,Type 1,25-39,"",Male,"",2,"",3224,612,150,45,96
1402,202604,S92000003,S08000031,Type 1,25-39,"",Male,"",3,"",2314,419,103,32,45
1403,202604,S92000003,S08000031,Type 1,25-39,"",Male,"",4,"",1892,306,67,24,33
1404,202604,S92000003,S08000031,Type 1,25-39,"",Male,"",5,"",1713,235,48,17,16
1405,202604,S92000003,S08000031,Type 1,25-39,"",Male,"",,:,765,135,20,10,11
1406,202604,S92000003,S08000031,Type 1,40-64,"",Male,"",1,"",9760,2299,718,346,458
1407,202604,S92000003,S08000031,Type 1,40-64,"",Male,"",2,"",4172,854,228,82,110
1408,202604,S92000003,S08000031,Type 1,40-64,"",Male,"",3,"",2999,533,149,50,74
1409,202604,S92000003,S08000031,Type 1,40-64,"",Male,"",4,"",2712,412,98,39,41
1410,202604,S92000003,S08000031,Type 1,40-64,"",Male,"",5,"",2898,401,90,38,24
1411,202604,S92000003,S08000031,Type 1,40-64,"",Male,"",,:,714,118,22,12,10
1412,202604,S92000003,S08000031,Type 1,65-74,"",Male,"",1,"",3015,753,273,123,91
1413,202604,S92000003,S08000031,Type 1,65-74,"",Male,"",2,"",1388,302,92,35,33
1414,202604,S92000003,S08000031,Type 1,65-74,"",Male,"",3,"",1194,239,60,17,16
1415,202604,S92000003,S08000031,Type 1,65-74,"",Male,"",4,"",1157,203,49,29,18
1416,202604,S92000003,S08000031,Type 1,65-74,"",Male,"",5,"",1286,221,65,14,15
1417,202604,S92000003,S08000031,Type 1,65-74,"",Male,"",,:,201,32,7,3,2
1418,202604,S92000003,S08000031,Type 1,75 plus,"",Male,"",1,"",2304,738,263,104,112
1419,202604,S92000003,S08000031,Type 1,75 plus,"",Male,"",2,"",1421,373,130,64,38
1420,202604,S92000003,S08000031,Type 1,75 plus,"",Male,"",3,"",1253,327,105,34,24
1421,202604,S92000003,S08000031,Type 1,75 plus,"",Male,"",4,"",1474,354,122,51,35
1422,202604,S92000003,S08000031,Type 1,75 plus,"",Male,"",5,"",1903,484,146,40,32
1423,202604,S92000003,S08000031,Type 1,75 plus,"",Male,"",,:,152,24,4,4,2
1424,202604,S92000003,S08000031,Type 1,Under 18,"",Male,"",1,"",9125,2653,883,367,346
1425,202604,S92000003,S08000031,Type 1,Under 18,"",Male,"",2,"",3929,1067,287,138,133
1426,202604,S92000003,S08000031,Type 1,Under 18,"",Male,"",3,"",2878,710,253,82,61
1427,202604,S92000003,S08000031,Type 1,Under 18,"",Male,"",4,"",3071,769,236,80,71
1428,202604,S92000003,S08000031,Type 1,Under 18,"",Male,"",5,"",3575,853,271,86,70
1429,202604,S92000003,S08000031,Type 1,Under 18,"",Male,"",,:,1345,411,119,49,41
1430,202604,S92000003,S08000031,Type 1,"",:,"",:,,:,0,0,0,0,0
1431,202604,S92000003,S08000031,Type 3,18-24,"",Female,"",1,"",728,79,13,4,6
1432,202604,S92000003,S08000031,Type 3,18-24,"",Female,"",2,"",396,40,11,3,1
1433,202604,S92000003,S08000031,Type 3,18-24,"",Female,"",3,"",284,27,4,1,0
1434,202604,S92000003,S08000031,Type 3,18-24,"",Female,"",4,"",295,30,2,0,1
1435,202604,S92000003,S08000031,Type 3,18-24,"",Female,"",5,"",321,26,8,1,0
1436,202604,S92000003,S08000031,Type 3,18-24,"",Female,"",,:,67,1,0,0,0
1437,202604,S92000003,S08000031,Type 3,25-39,"",Female,"",1,"",1749,206,46,8,4
1438,202604,S92000003,S08000031,Type 3,25-39,"",Female,"",2,"",966,97,21,3,3
1439,202604,S92000003,S08000031,Type 3,25-39,"",Female,"",3,"",642,70,6,4,2
1440,202604,S92000003,S08000031,Type 3,25-39,"",Female,"",4,"",649,53,7,1,2
1441,202604,S92000003,S08000031,Type 3,25-39,"",Female,"",5,"",608,49,6,0,0
1442,202604,S92000003,S08000031,Type 3,25-39,"",Female,"",,:,210,17,0,2,0
1443,202604,S92000003,S08000031,Type 3,40-64,"",Female,"",1,"",2716,348,67,11,5
1444,202604,S92000003,S08000031,Type 3,40-64,"",Female,"",2,"",1482,187,40,8,7
1445,202604,S92000003,S08000031,Type 3,40-64,"",Female,"",3,"",1111,119,20,1,3
1446,202604,S92000003,S08000031,Type 3,40-64,"",Female,"",4,"",1322,138,17,4,3
1447,202604,S92000003,S08000031,Type 3,40-64,"",Female,"",5,"",1557,140,16,0,1
1448,202604,S92000003,S08000031,Type 3,40-64,"",Female,"",,:,227,20,4,0,0
1449,202604,S92000003,S08000031,Type 3,65-74,"",Female,"",1,"",690,78,17,4,2
1450,202604,S92000003,S08000031,Type 3,65-74,"",Female,"",2,"",497,64,15,4,4
1451,202604,S92000003,S08000031,Type 3,65-74,"",Female,"",3,"",407,50,7,1,1
1452,202604,S92000003,S08000031,Type 3,65-74,"",Female,"",4,"",616,75,9,4,0
1453,202604,S92000003,S08000031,Type 3,65-74,"",Female,"",5,"",612,68,9,3,0
1454,202604,S92000003,S08000031,Type 3,65-74,"",Female,"",,:,78,5,1,0,0
1455,202604,S92000003,S08000031,Type 3,75 plus,"",Female,"",1,"",615,84,15,5,6
1456,202604,S92000003,S08000031,Type 3,75 plus,"",Female,"",2,"",496,80,15,7,6
1457,202604,S92000003,S08000031,Type 3,75 plus,"",Female,"",3,"",404,58,10,6,3
1458,202604,S92000003,S08000031,Type 3,75 plus,"",Female,"",4,"",615,96,22,9,6
1459,202604,S92000003,S08000031,Type 3,75 plus,"",Female,"",5,"",768,95,18,5,2
1460,202604,S92000003,S08000031,Type 3,75 plus,"",Female,"",,:,54,8,1,1,0
1461,202604,S92000003,S08000031,Type 3,Under 18,"",Female,"",1,"",1455,202,52,7,3
1462,202604,S92000003,S08000031,Type 3,Under 18,"",Female,"",2,"",731,95,22,10,2
1463,202604,S92000003,S08000031,Type 3,Under 18,"",Female,"",3,"",505,59,5,0,2
1464,202604,S92000003,S08000031,Type 3,Under 18,"",Female,"",4,"",637,66,6,4,0
1465,202604,S92000003,S08000031,Type 3,Under 18,"",Female,"",5,"",854,92,12,2,0
1466,202604,S92000003,S08000031,Type 3,Under 18,"",Female,"",,:,163,22,1,2,1
1467,202604,S92000003,S08000031,Type 3,18-24,"",Male,"",1,"",855,115,32,4,1
1468,202604,S92000003,S08000031,Type 3,18-24,"",Male,"",2,"",419,42,11,2,3
1469,202604,S92000003,S08000031,Type 3,18-24,"",Male,"",3,"",323,37,8,1,2
1470,202604,S92000003,S08000031,Type 3,18-24,"",Male,"",4,"",373,33,4,1,1
1471,202604,S92000003,S08000031,Type 3,18-24,"",Male,"",5,"",464,63,6,1,0
1472,202604,S92000003,S08000031,Type 3,18-24,"",Male,"",,:,62,6,1,0,0
1473,202604,S92000003,S08000031,Type 3,25-39,"",Male,"",1,"",1998,228,41,5,7
1474,202604,S92000003,S08000031,Type 3,25-39,"",Male,"",2,"",1076,130,15,5,3
1475,202604,S92000003,S08000031,Type 3,25-39,"",Male,"",3,"",733,88,2,2,2
1476,202604,S92000003,S08000031,Type 3,25-39,"",Male,"",4,"",763,71,12,4,1
1477,202604,S92000003,S08000031,Type 3,25-39,"",Male,"",5,"",768,52,13,1,0
1478,202604,S92000003,S08000031,Type 3,25-39,"",Male,"",,:,216,13,2,0,0
1479,202604,S92000003,S08000031,Type 3,40-64,"",Male,"",1,"",2346,290,38,12,5
1480,202604,S92000003,S08000031,Type 3,40-64,"",Male,"",2,"",1345,160,35,5,7
1481,202604,S92000003,S08000031,Type 3,40-64,"",Male,"",3,"",999,119,16,1,2
1482,202604,S92000003,S08000031,Type 3,40-64,"",Male,"",4,"",1119,111,19,2,1
1483,202604,S92000003,S08000031,Type 3,40-64,"",Male,"",5,"",1269,127,10,5,1
1484,202604,S92000003,S08000031,Type 3,40-64,"",Male,"",,:,177,9,3,0,0
1485,202604,S92000003,S08000031,Type 3,65-74,"",Male,"",1,"",579,62,17,2,2
1486,202604,S92000003,S08000031,Type 3,65-74,"",Male,"",2,"",424,57,10,2,5
1487,202604,S92000003,S08000031,Type 3,65-74,"",Male,"",3,"",314,42,7,1,2
1488,202604,S92000003,S08000031,Type 3,65-74,"",Male,"",4,"",426,51,6,4,1
1489,202604,S92000003,S08000031,Type 3,65-74,"",Male,"",5,"",469,70,6,0,2
1490,202604,S92000003,S08000031,Type 3,65-74,"",Male,"",,:,52,4,1,1,0
1491,202604,S92000003,S08000031,Type 3,75 plus,"",Male,"",1,"",382,57,7,2,3
1492,202604,S92000003,S08000031,Type 3,75 plus,"",Male,"",2,"",311,59,12,4,3
1493,202604,S92000003,S08000031,Type 3,75 plus,"",Male,"",3,"",268,45,11,3,1
1494,202604,S92000003,S08000031,Type 3,75 plus,"",Male,"",4,"",447,76,16,5,5
1495,202604,S92000003,S08000031,Type 3,75 plus,"",Male,"",5,"",492,83,11,3,0
1496,202604,S92000003,S08000031,Type 3,75 plus,"",Male,"",,:,26,2,0,0,0
1497,202604,S92000003,S08000031,Type 3,Under 18,"",Male,"",1,"",1873,260,41,10,0
1498,202604,S92000003,S08000031,Type 3,Under 18,"",Male,"",2,"",923,138,34,5,2
1499,202604,S92000003,S08000031,Type 3,Under 18,"",Male,"",3,"",688,85,12,3,1
1500,202604,S92000003,S08000031,Type 3,Under 18,"",Male,"",4,"",901,120,20,3,2
1501,202604,S92000003,S08000031,Type 3,Under 18,"",Male,"",5,"",1235,166,32,10,2
1502,202604,S92000003,S08000031,Type 3,Under 18,"",Male,"",,:,224,31,4,2,0
1503,202604,S92000003,S08000031,Type 3,"",:,"",:,,:,0,0,0,0,0
1504,202604,S92000003,S08000032,Type 1,18-24,"",Female,"",1,"",1091,305,105,49,50
1505,202604,S92000003,S08000032,Type 1,18-24,"",Female,"",2,"",961,226,61,22,46
1506,202604,S92000003,S08000032,Type 1,18-24,"",Female,"",3,"",643,139,43,22,17
1507,202604,S92000003,S08000032,Type 1,18-24,"",Female,"",4,"",495,98,32,7,9
1508,202604,S92000003,S08000032,Type 1,18-24,"",Female,"",5,"",350,64,19,5,3
1509,202604,S92000003,S08000032,Type 1,18-24,"",Female,"",,:,76,17,4,1,3
1510,202604,S92000003,S08000032,Type 1,25-39,"",Female,"",1,"",2836,757,248,112,122
1511,202604,S92000003,S08000032,Type 1,25-39,"",Female,"",2,"",2416,615,193,64,86
1512,202604,S92000003,S08000032,Type 1,25-39,"",Female,"",3,"",1596,362,121,39,42
1513,202604,S92000003,S08000032,Type 1,25-39,"",Female,"",4,"",1098,226,56,24,24
1514,202604,S92000003,S08000032,Type 1,25-39,"",Female,"",5,"",578,111,33,10,13
1515,202604,S92000003,S08000032,Type 1,25-39,"",Female,"",,:,504,117,31,13,11
1516,202604,S92000003,S08000032,Type 1,40-64,"",Female,"",1,"",4248,1115,396,142,175
1517,202604,S92000003,S08000032,Type 1,40-64,"",Female,"",2,"",4215,1106,312,143,133
1518,202604,S92000003,S08000032,Type 1,40-64,"",Female,"",3,"",2787,671,187,83,74
1519,202604,S92000003,S08000032,Type 1,40-64,"",Female,"",4,"",2230,497,122,38,53
1520,202604,S92000003,S08000032,Type 1,40-64,"",Female,"",5,"",1515,273,66,16,20
1521,202604,S92000003,S08000032,Type 1,40-64,"",Female,"",,:,326,98,25,12,17
1522,202604,S92000003,S08000032,Type 1,65-74,"",Female,"",1,"",1455,382,156,68,70
1523,202604,S92000003,S08000032,Type 1,65-74,"",Female,"",2,"",1681,467,157,65,57
1524,202604,S92000003,S08000032,Type 1,65-74,"",Female,"",3,"",1098,304,111,36,42
1525,202604,S92000003,S08000032,Type 1,65-74,"",Female,"",4,"",901,206,64,28,26
1526,202604,S92000003,S08000032,Type 1,65-74,"",Female,"",5,"",779,163,42,12,12
1527,202604,S92000003,S08000032,Type 1,65-74,"",Female,"",,:,82,19,9,3,2
1528,202604,S92000003,S08000032,Type 1,75 plus,"",Female,"",1,"",1620,571,205,85,78
1529,202604,S92000003,S08000032,Type 1,75 plus,"",Female,"",2,"",2080,757,286,123,113
1530,202604,S92000003,S08000032,Type 1,75 plus,"",Female,"",3,"",1472,496,180,68,56
1531,202604,S92000003,S08000032,Type 1,75 plus,"",Female,"",4,"",1058,338,111,54,38
1532,202604,S92000003,S08000032,Type 1,75 plus,"",Female,"",5,"",897,234,98,39,35
1533,202604,S92000003,S08000032,Type 1,75 plus,"",Female,"",,:,35,14,5,1,1
1534,202604,S92000003,S08000032,Type 1,Under 18,"",Female,"",1,"",2351,541,159,46,33
1535,202604,S92000003,S08000032,Type 1,Under 18,"",Female,"",2,"",2074,484,108,27,29
1536,202604,S92000003,S08000032,Type 1,Under 18,"",Female,"",3,"",1466,297,76,23,10
1537,202604,S92000003,S08000032,Type 1,Under 18,"",Female,"",4,"",1233,202,39,16,10
1538,202604,S92000003,S08000032,Type 1,Under 18,"",Female,"",5,"",753,121,29,6,4
1539,202604,S92000003,S08000032,Type 1,Under 18,"",Female,"",,:,475,97,20,10,5
1540,202604,S92000003,S08000032,Type 1,18-24,"",Male,"",1,"",1056,273,74,24,23
1541,202604,S92000003,S08000032,Type 1,18-24,"",Male,"",2,"",936,217,54,15,17
1542,202604,S92000003,S08000032,Type 1,18-24,"",Male,"",3,"",653,127,32,10,10
1543,202604,S92000003,S08000032,Type 1,18-24,"",Male,"",4,"",545,105,23,5,9
1544,202604,S92000003,S08000032,Type 1,18-24,"",Male,"",5,"",383,78,17,3,3
1545,202604,S92000003,S08000032,Type 1,18-24,"",Male,"",,:,70,18,1,1,4
1546,202604,S92000003,S08000032,Type 1,25-39,"",Male,"",1,"",2849,660,215,86,102
1547,202604,S92000003,S08000032,Type 1,25-39,"",Male,"",2,"",2428,555,140,47,63
1548,202604,S92000003,S08000032,Type 1,25-39,"",Male,"",3,"",1482,276,82,25,24
1549,202604,S92000003,S08000032,Type 1,25-39,"",Male,"",4,"",1081,186,50,11,7
1550,202604,S92000003,S08000032,Type 1,25-39,"",Male,"",5,"",715,100,26,7,6
1551,202604,S92000003,S08000032,Type 1,25-39,"",Male,"",,:,318,53,13,5,5
1552,202604,S92000003,S08000032,Type 1,40-64,"",Male,"",1,"",4185,1050,387,151,221
1553,202604,S92000003,S08000032,Type 1,40-64,"",Male,"",2,"",3757,918,318,116,138
1554,202604,S92000003,S08000032,Type 1,40-64,"",Male,"",3,"",2546,554,170,38,70
1555,202604,S92000003,S08000032,Type 1,40-64,"",Male,"",4,"",2106,408,120,40,38
1556,202604,S92000003,S08000032,Type 1,40-64,"",Male,"",5,"",1398,230,67,23,20
1557,202604,S92000003,S08000032,Type 1,40-64,"",Male,"",,:,323,59,20,7,11
1558,202604,S92000003,S08000032,Type 1,65-74,"",Male,"",1,"",1253,395,132,64,67
1559,202604,S92000003,S08000032,Type 1,65-74,"",Male,"",2,"",1444,388,134,55,75
1560,202604,S92000003,S08000032,Type 1,65-74,"",Male,"",3,"",931,266,81,29,43
1561,202604,S92000003,S08000032,Type 1,65-74,"",Male,"",4,"",863,225,80,26,22
1562,202604,S92000003,S08000032,Type 1,65-74,"",Male,"",5,"",612,135,36,18,18
1563,202604,S92000003,S08000032,Type 1,65-74,"",Male,"",,:,61,13,7,3,2
1564,202604,S92000003,S08000032,Type 1,75 plus,"",Male,"",1,"",1145,406,155,72,86
1565,202604,S92000003,S08000032,Type 1,75 plus,"",Male,"",2,"",1459,515,215,102,80
1566,202604,S92000003,S08000032,Type 1,75 plus,"",Male,"",3,"",960,337,148,58,67
1567,202604,S92000003,S08000032,Type 1,75 plus,"",Male,"",4,"",765,307,98,56,35
1568,202604,S92000003,S08000032,Type 1,75 plus,"",Male,"",5,"",720,222,104,45,30
1569,202604,S92000003,S08000032,Type 1,75 plus,"",Male,"",,:,22,6,7,1,3
1570,202604,S92000003,S08000032,Type 1,Under 18,"",Male,"",1,"",2774,630,131,56,24
1571,202604,S92000003,S08000032,Type 1,Under 18,"",Male,"",2,"",2542,555,133,38,18
1572,202604,S92000003,S08000032,Type 1,Under 18,"",Male,"",3,"",1774,376,81,21,9
1573,202604,S92000003,S08000032,Type 1,Under 18,"",Male,"",4,"",1483,269,74,19,6
1574,202604,S92000003,S08000032,Type 1,Under 18,"",Male,"",5,"",950,186,34,5,5
1575,202604,S92000003,S08000032,Type 1,Under 18,"",Male,"",,:,597,119,26,2,4
1576,202604,S92000003,S08000032,Type 1,"",:,"",:,,:,0,0,0,0,0
